-- MariaDB dump 10.19  Distrib 10.4.32-MariaDB, for Win64 (AMD64)
--
-- Host: localhost    Database: southdev
-- ------------------------------------------------------
-- Server version	10.4.32-MariaDB

/*!40101 SET @OLD_CHARACTER_SET_CLIENT=@@CHARACTER_SET_CLIENT */;
/*!40101 SET @OLD_CHARACTER_SET_RESULTS=@@CHARACTER_SET_RESULTS */;
/*!40101 SET @OLD_COLLATION_CONNECTION=@@COLLATION_CONNECTION */;
/*!40101 SET NAMES utf8mb4 */;
/*!40103 SET @OLD_TIME_ZONE=@@TIME_ZONE */;
/*!40103 SET TIME_ZONE='+00:00' */;
/*!40014 SET @OLD_UNIQUE_CHECKS=@@UNIQUE_CHECKS, UNIQUE_CHECKS=0 */;
/*!40014 SET @OLD_FOREIGN_KEY_CHECKS=@@FOREIGN_KEY_CHECKS, FOREIGN_KEY_CHECKS=0 */;
/*!40101 SET @OLD_SQL_MODE=@@SQL_MODE, SQL_MODE='NO_AUTO_VALUE_ON_ZERO' */;
/*!40111 SET @OLD_SQL_NOTES=@@SQL_NOTES, SQL_NOTES=0 */;

--
-- Table structure for table `cancel_requests`
--

DROP TABLE IF EXISTS `cancel_requests`;
/*!40101 SET @saved_cs_client     = @@character_set_client */;
/*!40101 SET character_set_client = utf8 */;
CREATE TABLE `cancel_requests` (
  `id` int(11) NOT NULL AUTO_INCREMENT,
  `order_id` int(11) NOT NULL,
  `user_id` int(11) NOT NULL,
  `reason` text NOT NULL,
  `status` enum('pending','approved','rejected') DEFAULT 'pending',
  `admin_notes` text DEFAULT NULL,
  `created_at` timestamp NOT NULL DEFAULT current_timestamp(),
  `updated_at` timestamp NOT NULL DEFAULT current_timestamp() ON UPDATE current_timestamp(),
  PRIMARY KEY (`id`),
  KEY `order_id` (`order_id`),
  KEY `user_id` (`user_id`),
  CONSTRAINT `cancel_requests_ibfk_1` FOREIGN KEY (`order_id`) REFERENCES `orders` (`id`),
  CONSTRAINT `cancel_requests_ibfk_2` FOREIGN KEY (`user_id`) REFERENCES `users` (`id`)
) ENGINE=InnoDB AUTO_INCREMENT=11 DEFAULT CHARSET=utf8mb4 COLLATE=utf8mb4_general_ci;
/*!40101 SET character_set_client = @saved_cs_client */;

--
-- Dumping data for table `cancel_requests`
--

LOCK TABLES `cancel_requests` WRITE;
/*!40000 ALTER TABLE `cancel_requests` DISABLE KEYS */;
INSERT INTO `cancel_requests` VALUES (4,3,31,'Order placed by mistake','approved','Approved by staff','2026-03-28 16:57:55','2026-03-28 16:58:17'),(5,12,31,'Wrong products ordered','rejected','Rejected by staff','2026-04-03 14:58:25','2026-04-03 15:00:52'),(6,13,31,'Need to change delivery address','rejected','TEST','2026-04-03 15:19:19','2026-04-03 15:28:09'),(7,13,31,'Wrong delivery address','approved','OK','2026-04-03 15:31:19','2026-04-03 15:31:34'),(8,15,31,'Wrong delivery address','rejected','test','2026-04-03 15:32:53','2026-04-03 15:33:33'),(9,19,31,'Need to change delivery address','approved','please make sure when you\'re ordering kindly check you shipping address tangina ka!','2026-04-04 12:44:45','2026-04-04 12:45:46'),(10,95,31,'Wrong products ordered','rejected','the order is on the way you can request refund instead','2026-06-17 06:31:18','2026-06-17 06:34:04');
/*!40000 ALTER TABLE `cancel_requests` ENABLE KEYS */;
UNLOCK TABLES;

--
-- Table structure for table `cart`
--

DROP TABLE IF EXISTS `cart`;
/*!40101 SET @saved_cs_client     = @@character_set_client */;
/*!40101 SET character_set_client = utf8 */;
CREATE TABLE `cart` (
  `id` int(11) NOT NULL AUTO_INCREMENT,
  `user_id` int(11) NOT NULL,
  `product_id` int(11) NOT NULL,
  `quantity` int(11) NOT NULL DEFAULT 1,
  `created_at` timestamp NOT NULL DEFAULT current_timestamp(),
  PRIMARY KEY (`id`),
  KEY `user_id` (`user_id`),
  KEY `product_id` (`product_id`),
  CONSTRAINT `cart_ibfk_1` FOREIGN KEY (`user_id`) REFERENCES `users` (`id`),
  CONSTRAINT `cart_ibfk_2` FOREIGN KEY (`product_id`) REFERENCES `products` (`id`)
) ENGINE=InnoDB AUTO_INCREMENT=310 DEFAULT CHARSET=utf8mb4 COLLATE=utf8mb4_general_ci;
/*!40101 SET character_set_client = @saved_cs_client */;

--
-- Dumping data for table `cart`
--

LOCK TABLES `cart` WRITE;
/*!40000 ALTER TABLE `cart` DISABLE KEYS */;
INSERT INTO `cart` VALUES (92,23,19,2,'2026-03-18 13:22:55');
/*!40000 ALTER TABLE `cart` ENABLE KEYS */;
UNLOCK TABLES;

--
-- Table structure for table `categories`
--

DROP TABLE IF EXISTS `categories`;
/*!40101 SET @saved_cs_client     = @@character_set_client */;
/*!40101 SET character_set_client = utf8 */;
CREATE TABLE `categories` (
  `id` int(11) NOT NULL AUTO_INCREMENT,
  `name` varchar(100) NOT NULL,
  `description` text DEFAULT NULL,
  `image` varchar(255) DEFAULT NULL,
  `is_active` tinyint(1) DEFAULT 1,
  `created_at` timestamp NOT NULL DEFAULT current_timestamp(),
  PRIMARY KEY (`id`)
) ENGINE=InnoDB AUTO_INCREMENT=10 DEFAULT CHARSET=utf8mb4 COLLATE=utf8mb4_general_ci;
/*!40101 SET character_set_client = @saved_cs_client */;

--
-- Dumping data for table `categories`
--

LOCK TABLES `categories` WRITE;
/*!40000 ALTER TABLE `categories` DISABLE KEYS */;
INSERT INTO `categories` VALUES (1,'Hardware','Nuts, bolts, screws, fasteners, hinges, and general hardware supplies',NULL,1,'2026-02-25 12:30:02'),(2,'Construction Materials','Cement, lumber, roofing, drywall, and building essentials',NULL,1,'2026-02-25 12:30:02'),(3,'Tools','Power tools, hand tools, and professional-grade equipment',NULL,1,'2026-02-25 12:30:02'),(4,'Plumbing','Pipes, fittings, valves, faucets, and plumbing accessories',NULL,1,'2026-02-25 12:30:02'),(5,'Electrical Supplies','Wiring, outlets, switches, breakers, and electrical components',NULL,1,'2026-02-25 12:30:02'),(6,'BULL DOG','TEST',NULL,0,'2026-02-28 15:36:53'),(7,'Tiles','Floor tiles, wall tiles, porcelain, ceramic, mosaic, and premium tile collections',NULL,1,'2026-03-03 03:18:13'),(8,'TEST','',NULL,0,'2026-03-21 08:24:30'),(9,'TEST','for Test',NULL,0,'2026-04-02 13:42:01');
/*!40000 ALTER TABLE `categories` ENABLE KEYS */;
UNLOCK TABLES;

--
-- Table structure for table `damaged_items`
--

DROP TABLE IF EXISTS `damaged_items`;
/*!40101 SET @saved_cs_client     = @@character_set_client */;
/*!40101 SET character_set_client = utf8 */;
CREATE TABLE `damaged_items` (
  `id` int(11) NOT NULL AUTO_INCREMENT,
  `product_id` int(11) NOT NULL,
  `quantity` int(11) NOT NULL DEFAULT 0,
  `reason` text DEFAULT NULL,
  `order_id` int(11) DEFAULT NULL,
  `created_at` timestamp NOT NULL DEFAULT current_timestamp(),
  PRIMARY KEY (`id`),
  KEY `product_id` (`product_id`),
  KEY `order_id` (`order_id`),
  CONSTRAINT `damaged_items_ibfk_1` FOREIGN KEY (`product_id`) REFERENCES `products` (`id`),
  CONSTRAINT `damaged_items_ibfk_2` FOREIGN KEY (`order_id`) REFERENCES `orders` (`id`)
) ENGINE=InnoDB DEFAULT CHARSET=utf8mb4 COLLATE=utf8mb4_general_ci;
/*!40101 SET character_set_client = @saved_cs_client */;

--
-- Dumping data for table `damaged_items`
--

LOCK TABLES `damaged_items` WRITE;
/*!40000 ALTER TABLE `damaged_items` DISABLE KEYS */;
/*!40000 ALTER TABLE `damaged_items` ENABLE KEYS */;
UNLOCK TABLES;

--
-- Table structure for table `damaged_products`
--

DROP TABLE IF EXISTS `damaged_products`;
/*!40101 SET @saved_cs_client     = @@character_set_client */;
/*!40101 SET character_set_client = utf8 */;
CREATE TABLE `damaged_products` (
  `id` int(11) NOT NULL AUTO_INCREMENT,
  `product_id` int(11) NOT NULL,
  `order_id` int(11) NOT NULL,
  `return_request_id` int(11) NOT NULL,
  `quantity` int(11) NOT NULL DEFAULT 1,
  `reason` text NOT NULL,
  `status` enum('received','inspected') NOT NULL DEFAULT 'received',
  `admin_notes` text DEFAULT NULL,
  `reported_by` int(11) DEFAULT NULL,
  `created_at` timestamp NOT NULL DEFAULT current_timestamp(),
  `updated_at` timestamp NOT NULL DEFAULT current_timestamp() ON UPDATE current_timestamp(),
  PRIMARY KEY (`id`),
  KEY `idx_dp_product` (`product_id`),
  KEY `idx_dp_status` (`status`),
  KEY `idx_dp_return` (`return_request_id`),
  KEY `idx_dp_date` (`created_at`)
) ENGINE=InnoDB AUTO_INCREMENT=15 DEFAULT CHARSET=utf8mb4 COLLATE=utf8mb4_unicode_ci;
/*!40101 SET character_set_client = @saved_cs_client */;

--
-- Dumping data for table `damaged_products`
--

LOCK TABLES `damaged_products` WRITE;
/*!40000 ALTER TABLE `damaged_products` DISABLE KEYS */;
INSERT INTO `damaged_products` VALUES (1,10,5,11,1,'Item arrived damaged or broken ΓÇö TEST DAMAGE','received',NULL,1,'2026-04-01 14:31:46','2026-04-01 14:42:05'),(2,3,6,12,1,'Item arrived damaged or broken ΓÇö test damage','received',NULL,1,'2026-04-01 15:13:52','2026-04-01 15:13:52'),(3,19,15,13,1,'Item arrived damaged or broken','received',NULL,3,'2026-04-03 15:35:35','2026-04-03 15:35:35'),(4,22,20,15,1,'Item arrived damaged or broken ΓÇö test','received',NULL,3,'2026-04-04 12:47:48','2026-04-04 12:47:48'),(5,19,21,16,1,'Item arrived damaged or broken ΓÇö test','received',NULL,3,'2026-04-04 12:49:26','2026-04-04 12:49:26'),(6,20,25,20,1,'Item arrived damaged or broken','received',NULL,1,'2026-04-04 13:17:56','2026-04-04 13:17:56'),(7,21,26,21,1,'Item arrived damaged or broken','received',NULL,1,'2026-04-04 13:28:56','2026-04-04 13:28:56'),(8,4,51,22,1,'Item arrived damaged or broken','received',NULL,1,'2026-04-29 08:13:16','2026-04-29 08:13:16'),(9,23,70,23,1,'Item arrived damaged or broken ΓÇö may damids','received',NULL,3,'2026-04-30 06:34:17','2026-04-30 06:34:17'),(10,21,70,23,1,'Item arrived damaged or broken ΓÇö may damids','received',NULL,3,'2026-04-30 06:34:17','2026-04-30 06:34:17'),(11,25,71,24,1,'Item arrived damaged or broken ΓÇö potangina naman oh may damids','received',NULL,3,'2026-04-30 06:38:26','2026-04-30 06:38:26'),(12,26,71,24,1,'Item arrived damaged or broken ΓÇö potangina naman oh may damids','received',NULL,3,'2026-04-30 06:38:26','2026-04-30 06:38:26'),(13,22,71,24,1,'Item arrived damaged or broken ΓÇö potangina naman oh may damids','received',NULL,3,'2026-04-30 06:38:26','2026-04-30 06:38:26'),(14,19,71,24,1,'Item arrived damaged or broken ΓÇö potangina naman oh may damids','received',NULL,3,'2026-04-30 06:38:26','2026-04-30 06:38:26');
/*!40000 ALTER TABLE `damaged_products` ENABLE KEYS */;
UNLOCK TABLES;

--
-- Table structure for table `inventory`
--

DROP TABLE IF EXISTS `inventory`;
/*!40101 SET @saved_cs_client     = @@character_set_client */;
/*!40101 SET character_set_client = utf8 */;
CREATE TABLE `inventory` (
  `id` int(11) NOT NULL AUTO_INCREMENT,
  `product_id` int(11) NOT NULL,
  `quantity` int(11) NOT NULL DEFAULT 0,
  `reorder_level` int(11) DEFAULT 10,
  `updated_at` timestamp NOT NULL DEFAULT current_timestamp() ON UPDATE current_timestamp(),
  PRIMARY KEY (`id`),
  UNIQUE KEY `product_id` (`product_id`),
  CONSTRAINT `inventory_ibfk_1` FOREIGN KEY (`product_id`) REFERENCES `products` (`id`)
) ENGINE=InnoDB AUTO_INCREMENT=110 DEFAULT CHARSET=utf8mb4 COLLATE=utf8mb4_general_ci;
/*!40101 SET character_set_client = @saved_cs_client */;

--
-- Dumping data for table `inventory`
--

LOCK TABLES `inventory` WRITE;
/*!40000 ALTER TABLE `inventory` DISABLE KEYS */;
INSERT INTO `inventory` VALUES (1,1,993,50,'2026-05-01 15:51:56'),(2,2,999,20,'2026-05-01 15:51:56'),(3,3,997,15,'2026-05-01 15:51:56'),(4,4,995,100,'2026-05-01 14:47:07'),(5,5,999,10,'2026-04-24 05:30:13'),(6,6,1000,30,'2026-04-24 15:59:49'),(7,7,1000,10,'2026-02-28 08:17:08'),(8,8,1000,25,'2026-04-01 15:48:35'),(9,9,500,5,'2026-04-29 07:10:06'),(10,10,780,100,'2026-04-30 13:47:04'),(11,11,499,5,'2026-04-30 13:47:04'),(12,12,495,50,'2026-02-28 05:59:33'),(13,13,338,10,'2026-05-01 15:33:14'),(14,14,999,15,'2026-05-01 15:33:14'),(15,15,1049,20,'2026-05-01 15:33:14'),(17,16,997,10,'2026-03-21 08:46:17'),(30,17,20,10,'2026-02-28 15:37:22'),(31,19,292,17,'2026-06-17 06:50:01'),(32,20,996,27,'2026-06-17 06:38:37'),(33,21,135,24,'2026-06-17 06:39:36'),(34,22,196,18,'2026-06-17 06:39:36'),(35,23,140,15,'2026-04-30 05:52:48'),(36,24,246,13,'2026-05-01 14:47:07'),(37,25,201,28,'2026-04-30 06:35:41'),(38,26,199,24,'2026-04-30 06:35:41'),(40,27,100,10,'2026-03-04 15:09:06'),(41,28,999,10,'2026-03-08 08:26:04'),(90,29,100,10,'2026-04-24 14:54:25'),(92,30,100,10,'2026-04-24 15:09:24'),(95,31,100,10,'2026-04-24 15:22:48'),(96,32,100,10,'2026-04-24 15:26:25');
/*!40000 ALTER TABLE `inventory` ENABLE KEYS */;
UNLOCK TABLES;

--
-- Table structure for table `login_attempts`
--

DROP TABLE IF EXISTS `login_attempts`;
/*!40101 SET @saved_cs_client     = @@character_set_client */;
/*!40101 SET character_set_client = utf8 */;
CREATE TABLE `login_attempts` (
  `id` int(11) NOT NULL AUTO_INCREMENT,
  `ip_address` varchar(45) NOT NULL,
  `email` varchar(255) DEFAULT NULL,
  `attempted_at` datetime NOT NULL DEFAULT current_timestamp(),
  `login_type` varchar(20) NOT NULL DEFAULT 'customer',
  PRIMARY KEY (`id`),
  KEY `idx_ip_time` (`ip_address`,`attempted_at`),
  KEY `idx_email_time` (`email`,`attempted_at`)
) ENGINE=InnoDB AUTO_INCREMENT=24 DEFAULT CHARSET=utf8mb4 COLLATE=utf8mb4_general_ci;
/*!40101 SET character_set_client = @saved_cs_client */;

--
-- Dumping data for table `login_attempts`
--

LOCK TABLES `login_attempts` WRITE;
/*!40000 ALTER TABLE `login_attempts` DISABLE KEYS */;
INSERT INTO `login_attempts` VALUES (8,'::1','kramdreyan','2026-04-25 00:32:56','customer'),(13,'::1','admin@southdev.com','2026-04-26 16:55:07','customer'),(15,'::1','admin@southdev.com','2026-04-29 14:56:58','customer'),(16,'::1','admin@southdev.com','2026-04-29 14:57:03','customer'),(17,'::1','burnokernesto','2026-04-29 16:02:04','admin'),(20,'127.0.0.1','inventory@demo.local','2026-05-01 01:11:35','admin'),(21,'::1','admin@southdev.com','2026-05-02 21:50:30','customer'),(22,'::1','admin@southdev.com','2026-05-02 21:50:49','customer');
/*!40000 ALTER TABLE `login_attempts` ENABLE KEYS */;
UNLOCK TABLES;

--
-- Table structure for table `logs`
--

DROP TABLE IF EXISTS `logs`;
/*!40101 SET @saved_cs_client     = @@character_set_client */;
/*!40101 SET character_set_client = utf8 */;
CREATE TABLE `logs` (
  `id` int(11) NOT NULL AUTO_INCREMENT,
  `user_id` int(11) DEFAULT NULL,
  `action` varchar(255) NOT NULL,
  `description` text DEFAULT NULL,
  `ip_address` varchar(45) DEFAULT NULL,
  `created_at` timestamp NOT NULL DEFAULT current_timestamp(),
  PRIMARY KEY (`id`),
  KEY `user_id` (`user_id`),
  CONSTRAINT `logs_ibfk_1` FOREIGN KEY (`user_id`) REFERENCES `users` (`id`) ON DELETE SET NULL
) ENGINE=InnoDB AUTO_INCREMENT=844 DEFAULT CHARSET=utf8mb4 COLLATE=utf8mb4_general_ci;
/*!40101 SET character_set_client = @saved_cs_client */;

--
-- Dumping data for table `logs`
--

LOCK TABLES `logs` WRITE;
/*!40000 ALTER TABLE `logs` DISABLE KEYS */;
INSERT INTO `logs` VALUES (1,1,'price_updated','Price updated for Porcelain Floor Tile 60x60cm (ID #19): Γé▒850.00 ΓåÆ Γé▒850.01','::1','2026-03-22 07:03:01'),(2,1,'product_updated','Product updated: Porcelain Floor Tile 60x60cm (ID #19)','::1','2026-03-22 07:03:01'),(3,1,'user_created','User created: testinventory@gmail.com (Role ID: 4)','::1','2026-03-22 07:03:59'),(4,NULL,'user_logout','User logged out','::1','2026-03-22 07:04:46'),(5,NULL,'user_login','Staff logged in: testinventory@gmail.com','::1','2026-03-22 07:04:58'),(6,1,'user_login','Staff logged in: admin@southdev.com','::1','2026-03-23 05:25:55'),(7,NULL,'user_created','New customer registered: markandreyperez@gmail.com','::1','2026-03-23 05:26:43'),(10,1,'user_login','User logged in: admin@southdev.com','::1','2026-03-23 06:07:27'),(11,1,'stock_movement','Inventory updated for Cabinet Door Hinges (Pair) (ID #2): 100 ΓåÆ 100. Reason: Manual stock update','::1','2026-03-23 06:10:50'),(12,1,'stock_movement','Inventory updated for Cabinet Door Hinges (Pair) (ID #2): 100 ΓåÆ 200. Reason: Manual stock update','::1','2026-03-23 06:11:01'),(13,1,'stock_movement','Inventory updated for Cabinet Door Hinges (Pair) (ID #2): 200 ΓåÆ 200. Reason: Manual stock update','::1','2026-03-23 06:11:08'),(19,3,'user_login','User logged in: staff@southdev.com','::1','2026-03-25 11:08:32'),(20,3,'user_logout','User logged out','::1','2026-03-25 11:09:20'),(21,1,'user_login','User logged in: admin@southdev.com','::1','2026-03-25 11:09:33'),(22,1,'user_logout','User logged out','::1','2026-03-25 11:27:19'),(24,1,'user_login','User logged in: admin@southdev.com','::1','2026-03-26 05:53:57'),(27,1,'order_status_updated','Order #1 status changed to: delivered','::1','2026-03-26 05:58:51'),(33,3,'user_login','Staff logged in: staff@southdev.com','::1','2026-03-26 15:08:50'),(34,3,'user_logout','User logged out','::1','2026-03-26 15:22:40'),(35,1,'user_login','Staff logged in: admin@southdev.com','::1','2026-03-26 15:22:58'),(36,1,'user_logout','User logged out','::1','2026-03-26 15:24:21'),(37,3,'user_login','Staff logged in: staff@southdev.com','::1','2026-03-26 15:24:33'),(38,3,'user_logout','User logged out','::1','2026-03-26 15:33:51'),(39,NULL,'user_login','User logged in: inventory@demo.local','::1','2026-03-26 15:34:33'),(40,NULL,'stock_movement','Inventory updated for Cabinet Door Hinges (Pair) (ID #2): 200 ΓåÆ 0. Reason: Manual stock update','::1','2026-03-26 15:38:55'),(41,NULL,'supplier_request','Supplier request for 100 units of Cabinet Door Hinges (Pair) (ID #2)','::1','2026-03-26 15:46:17'),(43,3,'user_login','User logged in: staff@southdev.com','::1','2026-03-26 15:46:45'),(44,NULL,'user_logout','User logged out','::1','2026-03-26 15:53:54'),(45,3,'user_login','User logged in: staff@southdev.com','::1','2026-03-26 15:54:10'),(46,3,'supplier_request','Supplier request for 200 units of Cabinet Door Hinges (Pair) (ID #2)','::1','2026-03-26 16:09:32'),(47,3,'stock_movement','Inventory updated for Cabinet Door Hinges (Pair) (ID #2): 0 ΓåÆ 100. Reason: Manual stock update','::1','2026-03-26 16:09:45'),(48,3,'stock_movement','Inventory updated for Cabinet Door Hinges (Pair) (ID #2): 100 ΓåÆ 200. Reason: Manual stock update','::1','2026-03-26 16:10:31'),(49,3,'stock_movement','Inventory updated for Cabinet Door Hinges (Pair) (ID #2): 200 ΓåÆ 400. Reason: Manual stock update','::1','2026-03-26 16:11:29'),(50,3,'stock_added','Added 50 units to Cabinet Door Hinges (Pair) (ID #2). Reason: Stock purchase/restock','::1','2026-03-26 16:13:26'),(51,3,'user_login','User logged in: staff@southdev.com','::1','2026-03-27 15:41:37'),(55,NULL,'user_login','User logged in: inventory@demo.local','::1','2026-03-28 13:36:47'),(56,NULL,'user_logout','User logged out','::1','2026-03-28 13:38:41'),(57,NULL,'user_login','User logged in: inventory@demo.local','::1','2026-03-28 13:39:22'),(58,NULL,'user_logout','User logged out','::1','2026-03-28 13:40:31'),(59,NULL,'user_login','Staff logged in: inventory@demo.local','::1','2026-03-28 13:40:44'),(60,1,'user_login','User logged in: admin@southdev.com','::1','2026-03-28 13:41:58'),(61,1,'user_updated','User #28 deleted','::1','2026-03-28 13:42:09'),(62,1,'user_updated','User #27 deleted','::1','2026-03-28 13:42:13'),(63,NULL,'user_logout','User logged out','::1','2026-03-28 13:42:22'),(64,NULL,'user_created','New customer registered: kramdreyan@gmail.com','::1','2026-03-28 13:49:08'),(65,31,'user_login','User logged in: kramdreyan@gmail.com','::1','2026-03-28 13:53:17'),(66,31,'user_logout','User logged out','::1','2026-03-28 13:53:23'),(67,1,'user_created','User created: bulantoy@burnok.com (Role ID: 4)','::1','2026-03-28 13:58:52'),(68,31,'user_login','User logged in: kramdreyan@gmail.com','::1','2026-03-28 14:00:15'),(69,31,'user_logout','User logged out','::1','2026-03-28 14:00:30'),(70,31,'user_login','User logged in: kramdreyan@gmail.com','::1','2026-03-28 14:02:33'),(71,31,'user_logout','User logged out','::1','2026-03-28 14:02:49'),(72,31,'user_login','User logged in: kramdreyan@gmail.com','::1','2026-03-28 14:06:11'),(73,31,'user_logout','User logged out','::1','2026-03-28 14:20:35'),(76,NULL,'user_login','User logged in: bulantoy@burnok.com','::1','2026-03-28 14:23:54'),(77,NULL,'stock_added','Added 300 units to THHN Wire #12 (75m) (ID #13). Reason: Stock purchase/restock','::1','2026-03-28 14:25:49'),(78,NULL,'user_logout','User logged out','::1','2026-03-28 14:27:10'),(81,31,'user_login','User logged in: kramdreyan@gmail.com','::1','2026-03-28 15:19:57'),(82,1,'price_updated','Price updated for Porcelain Floor Tile 60x60cm (ID #19): Γé▒850.01 ΓåÆ Γé▒850.00','::1','2026-03-28 15:44:20'),(83,1,'product_updated','Product updated: Porcelain Floor Tile 60x60cm (ID #19)','::1','2026-03-28 15:44:20'),(84,1,'user_updated','User #3 active status toggled','::1','2026-03-28 15:52:42'),(85,1,'user_updated','User #3 active status toggled','::1','2026-03-28 15:52:46'),(86,1,'user_updated','User #2 active status toggled','::1','2026-03-28 15:52:54'),(87,1,'user_updated','User #2 active status toggled','::1','2026-03-28 15:53:23'),(88,1,'user_updated','User #2 active status toggled','::1','2026-03-28 15:53:39'),(89,1,'user_updated','User #2 active status toggled','::1','2026-03-28 15:58:31'),(90,1,'user_updated','User #2 active status toggled','::1','2026-03-28 16:50:54'),(91,1,'user_updated','User #2 active status toggled','::1','2026-03-28 16:50:59'),(92,31,'order_created','Order #2 placed, total: Γé▒520.00','::1','2026-03-28 16:55:12'),(93,1,'order_status_updated','Order #2 status changed to: delivered','::1','2026-03-28 16:55:33'),(94,31,'return_requested','Return request submitted for Order #2','::1','2026-03-28 16:55:53'),(95,31,'order_created','Order #3 placed, total: Γé▒185.00','::1','2026-03-28 16:57:18'),(96,1,'order_status_updated','Order #3 status changed to: processing','::1','2026-03-28 16:57:32'),(97,31,'cancel_requested','Cancel request submitted for Order #3','::1','2026-03-28 16:57:55'),(98,1,'cancel_approved','Cancel request #4 approved. Order #3 cancelled, stock restored.','::1','2026-03-28 16:58:17'),(99,1,'user_updated','User #2 active status toggled','::1','2026-03-28 17:10:42'),(100,1,'user_updated','User #2 active status toggled','::1','2026-03-28 17:10:47'),(101,1,'user_updated','User #2 active status toggled','::1','2026-03-28 17:10:58'),(102,1,'user_updated','User #2 active status toggled','::1','2026-03-28 17:11:47'),(103,1,'user_updated','User #2 active status toggled','::1','2026-03-28 17:13:08'),(104,31,'user_login','User logged in: markandreyperez@gmail.com','::1','2026-03-28 18:03:17'),(105,31,'user_login','User logged in: markandreyperez@gmail.com','::1','2026-03-29 13:08:15'),(106,31,'user_login','User logged in: markandreyperez@gmail.com','::1','2026-03-29 13:10:04'),(107,31,'user_logout','User logged out','::1','2026-03-29 13:10:10'),(108,1,'user_login','User logged in: admin@southdev.com','::1','2026-03-29 13:16:17'),(109,31,'user_logout','User logged out','::1','2026-03-29 13:17:05'),(110,1,'return_updated','Return request #10 updated to: approved','::1','2026-03-29 13:42:54'),(111,3,'user_login','Staff logged in: staff@southdev.com','::1','2026-03-29 14:08:31'),(112,3,'user_login','Staff logged in: staff@southdev.com','::1','2026-03-29 14:08:40'),(113,3,'user_login','Staff logged in: staff@southdev.com','::1','2026-03-29 14:08:41'),(114,3,'user_login','Staff logged in: staff@southdev.com','::1','2026-03-29 14:08:42'),(115,3,'user_login','Staff logged in: staff@southdev.com','::1','2026-03-29 14:08:42'),(116,3,'user_login','Staff logged in: staff@southdev.com','::1','2026-03-29 14:08:42'),(117,3,'user_login','Staff logged in: staff@southdev.com','::1','2026-03-29 14:08:42'),(118,3,'user_login','Staff logged in: staff@southdev.com','::1','2026-03-29 14:08:43'),(119,3,'user_login','Staff logged in: staff@southdev.com','::1','2026-03-29 14:08:48'),(120,3,'user_login','Staff logged in: staff@southdev.com','::1','2026-03-29 14:08:49'),(121,3,'user_login','Staff logged in: staff@southdev.com','::1','2026-03-29 14:08:50'),(122,3,'user_login','Staff logged in: staff@southdev.com','::1','2026-03-29 14:08:51'),(123,3,'user_login','Staff logged in: staff@southdev.com','::1','2026-03-29 14:08:52'),(124,1,'user_login','Staff logged in: admin@southdev.com','::1','2026-03-29 14:09:33'),(125,1,'user_logout','User logged out','::1','2026-03-29 14:10:20'),(126,1,'user_login','User logged in: admin@southdev.com','::1','2026-03-29 14:12:01'),(127,1,'user_login','Staff logged in: admin@southdev.com','::1','2026-03-29 14:12:47'),(128,1,'user_logout','User logged out','::1','2026-03-29 14:12:56'),(129,31,'user_login','User logged in: markandreyperez@gmail.com','::1','2026-03-29 14:46:25'),(130,31,'user_logout','User logged out','::1','2026-03-29 16:13:50'),(131,3,'user_login','Staff logged in: staff@southdev.com','::1','2026-03-29 16:15:03'),(132,3,'user_logout','User logged out','::1','2026-03-29 16:28:38'),(133,1,'user_login','Staff logged in: admin@southdev.com','::1','2026-03-29 16:31:48'),(134,NULL,'user_login','User logged in: bulantoy@burnok.com','::1','2026-03-29 16:39:27'),(135,1,'user_login','User logged in: admin@southdev.com','::1','2026-03-29 16:43:07'),(136,1,'user_login','User logged in: admin@southdev.com','::1','2026-03-29 16:44:35'),(137,3,'user_login','User logged in: staff@southdev.com','::1','2026-03-29 16:45:18'),(138,1,'user_login','User logged in: admin@southdev.com','::1','2026-03-29 16:46:27'),(139,1,'user_login','User logged in: admin@southdev.com','::1','2026-03-29 17:12:12'),(140,31,'user_login','User logged in: markandreyperez@gmail.com','::1','2026-03-29 17:42:41'),(141,31,'user_logout','User logged out','::1','2026-03-29 17:54:31'),(142,31,'user_login','User logged in: markandreyperez@gmail.com','::1','2026-03-29 18:04:31'),(143,1,'user_login','User logged in: admin@southdev.com','::1','2026-03-29 18:28:53'),(144,31,'user_logout','User logged out','::1','2026-03-29 18:30:59'),(145,31,'user_login','User logged in: markandreyperez@gmail.com','::1','2026-03-29 18:35:15'),(146,31,'user_login','User logged in: markandreyperez@gmail.com','::1','2026-03-29 19:23:47'),(147,31,'user_logout','User logged out','::1','2026-03-29 19:23:51'),(148,31,'user_login','User logged in: markandreyperez@gmail.com','::1','2026-03-29 19:29:37'),(149,31,'user_logout','User logged out','::1','2026-03-29 19:31:34'),(150,31,'user_login','User logged in: markandreyperez@gmail.com','::1','2026-03-29 19:31:47'),(151,31,'user_logout','User logged out','::1','2026-03-29 19:31:52'),(152,31,'user_login','User logged in: markandreyperez@gmail.com','::1','2026-04-01 10:13:30'),(153,31,'user_login','User logged in: markandreyperez@gmail.com','::1','2026-04-01 11:24:31'),(154,1,'user_login','Staff logged in: admin@southdev.com','::1','2026-04-01 11:26:45'),(155,31,'user_logout','User logged out','::1','2026-04-01 11:57:32'),(156,31,'user_login','User logged in: markandreyperez@gmail.com','::1','2026-04-01 11:57:47'),(157,31,'user_logout','User logged out','::1','2026-04-01 11:57:52'),(158,31,'user_login','User logged in: markandreyperez@gmail.com','::1','2026-04-01 12:06:28'),(159,31,'user_logout','User logged out','::1','2026-04-01 12:10:10'),(160,31,'user_login','User logged in: markandreyperez@gmail.com','::1','2026-04-01 12:14:58'),(161,31,'user_logout','User logged out','::1','2026-04-01 12:17:18'),(162,31,'user_login','User logged in: markandreyperez@gmail.com','::1','2026-04-01 12:22:32'),(163,31,'order_created','Order #4 placed, total: Γé▒4,250.00','::1','2026-04-01 12:24:30'),(164,31,'user_logout','User logged out','::1','2026-04-01 12:35:39'),(165,3,'user_login','Staff logged in: staff@southdev.com','::1','2026-04-01 12:36:18'),(166,3,'stock_movement','Inventory updated for Cabinet Door Hinges (Pair) (ID #2): 450 ΓåÆ 20. Reason: Manual stock update','::1','2026-04-01 12:36:39'),(167,3,'user_logout','User logged out','::1','2026-04-01 12:50:52'),(168,31,'user_login','User logged in: markandreyperez@gmail.com','::1','2026-04-01 12:50:59'),(169,31,'order_cancelled','Order #4 (SHD-20260401-E0CDF7) cancelled by customer. Stock restored.','::1','2026-04-01 12:52:05'),(170,31,'order_created','Order #5 placed, total: Γé▒65.00','::1','2026-04-01 12:52:46'),(171,1,'order_status_updated','Order #5 status changed to: delivered','::1','2026-04-01 12:55:10'),(172,1,'stock_movement','Inventory updated for Cabinet Door Hinges (Pair) (ID #2): 20 ΓåÆ 500. Reason: Manual stock update','::1','2026-04-01 13:44:22'),(173,31,'return_requested','Return request submitted for Order #5','::1','2026-04-01 14:28:43'),(174,1,'return_updated','Return request #11 updated to: approved','::1','2026-04-01 14:31:46'),(175,1,'stock_movement','Damaged product recorded: PVC Pipe 1/2\" (10ft) (qty: 1) from Return #11','::1','2026-04-01 14:31:46'),(176,31,'user_logout','User logged out','::1','2026-04-01 14:47:29'),(177,NULL,'user_login','Staff logged in: bulantoy@burnok.com','::1','2026-04-01 14:47:48'),(178,NULL,'user_logout','User logged out','::1','2026-04-01 14:50:02'),(179,31,'user_login','User logged in: markandreyperez@gmail.com','::1','2026-04-01 14:50:19'),(180,31,'order_created','Order #6 placed, total: Γé▒320.00','::1','2026-04-01 15:12:52'),(181,1,'order_status_updated','Order #6 status changed to: delivered','::1','2026-04-01 15:13:11'),(182,31,'return_requested','Return request submitted for Order #6','::1','2026-04-01 15:13:31'),(183,1,'return_updated','Return request #12 updated to: approved','::1','2026-04-01 15:13:52'),(184,1,'stock_movement','Damaged product recorded: Padlock 50mm Heavy Duty (qty: 1) from Return #12','::1','2026-04-01 15:13:52'),(185,31,'order_created','Order #7 placed via gcash, total: Γé▒65.00','::1','2026-04-01 15:32:04'),(186,31,'order_cancelled','Order #7 (SHD-20260401-4721DD) cancelled by customer. Stock restored.','::1','2026-04-01 15:32:21'),(187,31,'order_created','Order #8 placed via cod, total: Γé▒840.00','::1','2026-04-01 15:33:32'),(188,31,'order_cancelled','Order #8 (SHD-20260401-CEBB50) cancelled by customer. Stock restored.','::1','2026-04-01 15:33:41'),(189,31,'order_created','Order #9 placed via gcash, total: Γé▒1,025.00','::1','2026-04-01 15:34:14'),(190,31,'order_cancelled','Order #9 (SHD-20260401-65D2A8) cancelled by customer. Stock restored.','::1','2026-04-01 15:44:12'),(191,31,'order_created','Order #10 placed via gcash, total: Γé▒4,395.00','::1','2026-04-01 15:45:11'),(192,31,'order_cancelled','Order #10 (SHD-20260401-78DD6F) cancelled by customer. Stock restored.','::1','2026-04-01 15:48:35'),(193,31,'order_created','Order #11 placed via card, total: Γé▒885.00','::1','2026-04-01 15:54:09'),(194,1,'order_status_updated','Order #11 status changed to: processing','::1','2026-04-01 16:02:26'),(195,1,'order_status_updated','Order #11 status changed to: shipped','::1','2026-04-01 16:10:06'),(196,1,'price_updated','Price updated for Porcelain Floor Tile 60x60cm (ID #19): Γé▒850.00 ΓåÆ Γé▒0.00','::1','2026-04-01 16:40:12'),(197,1,'product_updated','Product updated: Porcelain Floor Tile 60x60cm (ID #19)','::1','2026-04-01 16:40:12'),(198,1,'price_updated','Price updated for Porcelain Floor Tile 60x60cm (ID #19): Γé▒0.00 ΓåÆ Γé▒375.00','::1','2026-04-01 16:44:24'),(199,1,'product_updated','Product updated: Porcelain Floor Tile 60x60cm (ID #19)','::1','2026-04-01 16:44:24'),(200,1,'user_updated','User #29 active status toggled','::1','2026-04-01 17:24:30'),(201,1,'user_updated','User #2 active status toggled','::1','2026-04-01 17:24:41'),(202,1,'user_login','Staff logged in: admin@southdev.com','::1','2026-04-02 11:20:07'),(203,31,'user_login','User logged in: markandreyperez@gmail.com','::1','2026-04-02 11:27:11'),(204,31,'user_login','User logged in: markandreyperez@gmail.com','127.0.0.1','2026-04-02 12:02:43'),(205,31,'user_logout','User logged out','::1','2026-04-02 12:12:49'),(206,1,'user_login','Staff logged in: admin@southdev.com','::1','2026-04-02 12:14:34'),(207,31,'user_logout','User logged out','::1','2026-04-02 12:33:28'),(208,1,'product_updated','Product updated: Porcelain Floor Tile 60x60cm (ID #19)','::1','2026-04-02 13:41:20'),(209,1,'product_updated','Product updated: Porcelain Floor Tile 60x60cm (ID #19)','::1','2026-04-02 13:41:35'),(210,1,'category_created','Category created: TEST','::1','2026-04-02 13:42:01'),(211,31,'user_login','User logged in: markandreyperez@gmail.com','::1','2026-04-02 13:44:42'),(212,31,'user_logout','User logged out','::1','2026-04-02 13:44:48'),(213,31,'user_login','User logged in: markandreyperez@gmail.com','::1','2026-04-02 13:48:18'),(214,31,'user_logout','User logged out','::1','2026-04-02 13:48:25'),(215,1,'user_login','User logged in: admin@southdev.com','::1','2026-04-02 14:04:10'),(216,1,'user_logout','User logged out','::1','2026-04-02 14:04:25'),(217,31,'user_login','User logged in: markandreyperez@gmail.com','::1','2026-04-03 07:04:33'),(218,3,'user_login','User logged in: staff@southdev.com','::1','2026-04-03 07:05:37'),(219,3,'stock_movement','Inventory updated for Cabinet Door Hinges (Pair) (ID #2): 499 ΓåÆ 0. Reason: Manual stock update','::1','2026-04-03 07:05:57'),(220,3,'stock_movement','Inventory updated for Porcelain Floor Tile 60x60cm (ID #19): 270 ΓåÆ 0. Reason: Manual stock update','::1','2026-04-03 07:07:04'),(221,3,'user_logout','User logged out','::1','2026-04-03 07:14:41'),(222,1,'user_login','User logged in: admin@southdev.com','::1','2026-04-03 07:14:56'),(223,31,'user_logout','User logged out','::1','2026-04-03 07:20:19'),(224,31,'user_login','User logged in: markandreyperez@gmail.com','::1','2026-04-03 07:23:00'),(225,31,'user_logout','User logged out','::1','2026-04-03 07:24:17'),(226,31,'user_login','User logged in: markandreyperez@gmail.com','::1','2026-04-03 07:29:48'),(227,31,'user_logout','User logged out','::1','2026-04-03 07:29:55'),(228,3,'user_login','Staff logged in: staff@southdev.com','::1','2026-04-03 14:43:15'),(229,1,'user_login','Staff logged in: admin@southdev.com','::1','2026-04-03 14:45:38'),(230,3,'stock_added','Added 50 units to Cabinet Door Hinges (Pair) (ID #2). Reason: Stock purchase/restock','::1','2026-04-03 14:48:05'),(231,1,'user_logout','User logged out','::1','2026-04-03 14:48:30'),(232,NULL,'user_login','User logged in: bulantoy@burnok.com','::1','2026-04-03 14:48:39'),(233,NULL,'stock_movement','Inventory updated for Porcelain Floor Tile 60x60cm (ID #19): 0 ΓåÆ 100. Reason: Manual stock update','::1','2026-04-03 14:49:20'),(234,3,'user_logout','User logged out','::1','2026-04-03 14:50:29'),(235,31,'user_login','User logged in: markandreyperez@gmail.com','::1','2026-04-03 14:50:39'),(236,31,'order_created','Order #12 placed via card, total: Γé▒375.00','::1','2026-04-03 14:56:50'),(237,NULL,'user_logout','User logged out','::1','2026-04-03 14:57:25'),(238,3,'user_login','User logged in: staff@southdev.com','::1','2026-04-03 14:57:35'),(239,3,'order_status_updated','Order #12 status changed to: processing','::1','2026-04-03 14:57:57'),(240,31,'cancel_requested','Cancel request submitted for Order #12','::1','2026-04-03 14:58:25'),(241,3,'cancel_rejected','Cancel request #5 rejected.','::1','2026-04-03 15:00:52'),(242,3,'order_status_updated','Order #12 status changed to: delivered','::1','2026-04-03 15:01:42'),(243,3,'order_status_updated','Order #12 status changed to: delivered','::1','2026-04-03 15:02:21'),(244,31,'order_created','Order #13 placed via gcash, total: Γé▒520.00','::1','2026-04-03 15:08:52'),(245,31,'order_created','Order #14 placed via gcash, total: Γé▒375.00','::1','2026-04-03 15:17:00'),(246,3,'order_status_updated','Order #14 status changed to: cancelled','::1','2026-04-03 15:18:27'),(247,3,'order_status_updated','Order #13 status changed to: delivered','::1','2026-04-03 15:18:53'),(248,3,'order_status_updated','Order #13 status changed to: processing','::1','2026-04-03 15:19:02'),(249,31,'cancel_requested','Cancel request submitted for Order #13','::1','2026-04-03 15:19:19'),(250,3,'cancel_rejected','Cancel request #6 rejected.','::1','2026-04-03 15:28:09'),(251,3,'order_status_updated','Order #14 status changed to: pending','::1','2026-04-03 15:30:51'),(252,3,'order_status_updated','Order #14 status changed to: delivered','::1','2026-04-03 15:31:02'),(253,31,'cancel_requested','Cancel request submitted for Order #13','::1','2026-04-03 15:31:19'),(254,3,'cancel_approved','Cancel request #7 approved. Order #13 cancelled, stock restored.','::1','2026-04-03 15:31:34'),(255,31,'order_created','Order #15 placed via cod, total: Γé▒375.00','::1','2026-04-03 15:32:30'),(256,3,'order_status_updated','Order #15 status changed to: processing','::1','2026-04-03 15:32:45'),(257,31,'cancel_requested','Cancel request submitted for Order #15','::1','2026-04-03 15:32:53'),(258,3,'cancel_rejected','Cancel request #8 rejected.','::1','2026-04-03 15:33:33'),(259,3,'order_status_updated','Order #15 status changed to: shipped','::1','2026-04-03 15:33:49'),(260,3,'order_status_updated','Order #15 status changed to: delivered','::1','2026-04-03 15:34:07'),(261,31,'return_requested','Return request submitted for Order #15','::1','2026-04-03 15:35:18'),(262,3,'return_updated','Return request #13 updated to: approved','::1','2026-04-03 15:35:35'),(263,3,'stock_movement','Damaged product recorded: Porcelain Floor Tile 60x60cm (qty: 1) from Return #13','::1','2026-04-03 15:35:35'),(264,3,'user_login','User logged in: staff@southdev.com','::1','2026-04-04 12:17:57'),(265,31,'user_login','User logged in: markandreyperez@gmail.com','::1','2026-04-04 12:18:05'),(266,31,'order_created','Order #16 placed via gcash, total: Γé▒375.00','::1','2026-04-04 12:19:24'),(267,3,'order_status_updated','Order #16 status changed to: delivered','::1','2026-04-04 12:19:39'),(268,3,'order_status_updated','Order #16 status changed to: processing','::1','2026-04-04 12:20:04'),(269,3,'order_status_updated','Order #16 status changed to: delivered','::1','2026-04-04 12:24:59'),(270,3,'order_status_updated','Order #16 status changed to: pending','::1','2026-04-04 12:25:21'),(271,3,'order_status_updated','Order #16 status changed to: processing','::1','2026-04-04 12:25:31'),(272,3,'order_status_updated','Order #16 status changed to: shipped','::1','2026-04-04 12:25:39'),(273,3,'order_status_updated','Order #16 status changed to: delivered','::1','2026-04-04 12:25:46'),(274,31,'order_created','Order #17 placed via cod, total: Γé▒520.00','::1','2026-04-04 12:26:13'),(275,3,'order_status_updated','Order #17 status changed to: processing','::1','2026-04-04 12:26:30'),(276,3,'order_status_updated','Order #17 status changed to: shipped','::1','2026-04-04 12:26:38'),(277,3,'order_status_updated','Order #17 status changed to: delivered','::1','2026-04-04 12:26:46'),(278,31,'return_requested','Return request submitted for Order #17','::1','2026-04-04 12:37:42'),(279,3,'return_updated','Return request #14 updated to: approved','::1','2026-04-04 12:37:56'),(280,3,'stock_movement','Stock restored: Ceramic Wall Tile 30x60cm (qty: 1) from Return #14','::1','2026-04-04 12:37:56'),(281,31,'order_created','Order #18 placed via cod, total: Γé▒380.00','::1','2026-04-04 12:38:39'),(282,3,'order_status_updated','Order #18 status changed to: processing','::1','2026-04-04 12:38:51'),(283,3,'order_status_updated','Order #18 status changed to: pending','::1','2026-04-04 12:42:12'),(284,31,'order_cancelled','Order #18 (SHD-20260404-FBF3DB) cancelled by customer. Stock restored.','::1','2026-04-04 12:43:52'),(285,31,'order_created','Order #19 placed via cod, total: Γé▒380.00','::1','2026-04-04 12:44:17'),(286,3,'order_status_updated','Order #19 status changed to: processing','::1','2026-04-04 12:44:37'),(287,31,'cancel_requested','Cancel request submitted for Order #19','::1','2026-04-04 12:44:45'),(288,3,'cancel_approved','Cancel request #9 approved. Order #19 cancelled, stock restored.','::1','2026-04-04 12:45:46'),(289,31,'order_created','Order #20 placed via cod, total: Γé▒1,250.00','::1','2026-04-04 12:46:35'),(290,3,'order_status_updated','Order #20 status changed to: processing','::1','2026-04-04 12:46:51'),(291,3,'order_status_updated','Order #20 status changed to: shipped','::1','2026-04-04 12:47:00'),(292,3,'order_status_updated','Order #20 status changed to: delivered','::1','2026-04-04 12:47:10'),(293,31,'return_requested','Return request submitted for Order #20','::1','2026-04-04 12:47:26'),(294,3,'return_updated','Return request #15 updated to: approved','::1','2026-04-04 12:47:48'),(295,3,'stock_movement','Damaged product recorded: Granite Floor Tile 80x80cm (qty: 1) from Return #15','::1','2026-04-04 12:47:48'),(296,31,'order_created','Order #21 placed via cod, total: Γé▒375.00','::1','2026-04-04 12:48:44'),(297,3,'order_status_updated','Order #21 status changed to: delivered','::1','2026-04-04 12:49:01'),(298,31,'return_requested','Return request submitted for Order #21','::1','2026-04-04 12:49:14'),(299,3,'return_updated','Return request #16 updated to: approved','::1','2026-04-04 12:49:26'),(300,3,'stock_movement','Damaged product recorded: Porcelain Floor Tile 60x60cm (qty: 1) from Return #16','::1','2026-04-04 12:49:26'),(301,31,'order_created','Order #22 placed via gcash, total: Γé▒375.00','::1','2026-04-04 12:50:08'),(302,3,'order_status_updated','Order #22 status changed to: delivered','::1','2026-04-04 12:50:20'),(303,31,'return_requested','Return request submitted for Order #22','::1','2026-04-04 12:50:33'),(304,3,'return_updated','Return request #17 updated to: ','::1','2026-04-04 12:50:42'),(305,3,'return_updated','Return request #17 updated to: approved','::1','2026-04-04 12:54:08'),(306,3,'stock_movement','Stock restored: Porcelain Floor Tile 60x60cm (qty: 1) from Return #17','::1','2026-04-04 12:54:08'),(307,3,'return_updated','Return request #17 updated to: completed','::1','2026-04-04 12:58:11'),(308,3,'return_updated','Payment for Order #22 marked as refunded (Return #17)','::1','2026-04-04 12:58:11'),(309,3,'return_updated','Return request #16 updated to: completed','::1','2026-04-04 12:58:13'),(310,3,'return_updated','Payment for Order #21 marked as refunded (Return #16)','::1','2026-04-04 12:58:13'),(311,3,'return_updated','Return request #15 updated to: completed','::1','2026-04-04 12:58:14'),(312,3,'return_updated','Payment for Order #20 marked as refunded (Return #15)','::1','2026-04-04 12:58:14'),(313,3,'return_updated','Return request #14 updated to: completed','::1','2026-04-04 12:58:15'),(314,3,'return_updated','Payment for Order #17 marked as refunded (Return #14)','::1','2026-04-04 12:58:15'),(315,3,'return_updated','Return request #13 updated to: completed','::1','2026-04-04 12:58:16'),(316,3,'return_updated','Payment for Order #15 marked as refunded (Return #13)','::1','2026-04-04 12:58:16'),(317,3,'return_updated','Return request #12 updated to: completed','::1','2026-04-04 12:58:17'),(318,3,'return_updated','Payment for Order #6 marked as refunded (Return #12)','::1','2026-04-04 12:58:17'),(319,3,'return_updated','Return request #11 updated to: completed','::1','2026-04-04 12:58:18'),(320,3,'return_updated','Payment for Order #5 marked as refunded (Return #11)','::1','2026-04-04 12:58:18'),(321,3,'return_updated','Return request #10 updated to: completed','::1','2026-04-04 12:58:20'),(322,3,'return_updated','Payment for Order #2 marked as refunded (Return #10)','::1','2026-04-04 12:58:20'),(323,31,'order_created','Order #23 placed via gcash, total: Γé▒450.00','::1','2026-04-04 13:01:32'),(324,3,'order_status_updated','Order #23 status changed to: delivered','::1','2026-04-04 13:01:42'),(325,31,'return_requested','Return request submitted for Order #23','::1','2026-04-04 13:01:56'),(326,3,'user_logout','User logged out','::1','2026-04-04 13:04:40'),(327,1,'user_login','User logged in: admin@southdev.com','::1','2026-04-04 13:04:53'),(328,1,'return_updated','Return request #18 updated to: approved','::1','2026-04-04 13:07:02'),(329,1,'stock_movement','Stock restored: Stainless Steel Bolt Set (100pc) (qty: 1) from Return #18','::1','2026-04-04 13:07:02'),(330,1,'return_updated','Return request #18 updated to: ','::1','2026-04-04 13:07:59'),(331,1,'return_updated','Return request #18 updated to: ','::1','2026-04-04 13:09:17'),(332,1,'return_updated','Return request #18 updated to: approved','::1','2026-04-04 13:11:15'),(333,1,'stock_movement','Stock restored: Stainless Steel Bolt Set (100pc) (qty: 1) from Return #18','::1','2026-04-04 13:11:15'),(334,1,'return_updated','Return request #18 updated to: completed','::1','2026-04-04 13:11:31'),(335,1,'return_updated','Payment for Order #23 marked as refunded (Return #18)','::1','2026-04-04 13:11:31'),(336,31,'order_created','Order #24 placed via gcash, total: Γé▒380.00','::1','2026-04-04 13:12:59'),(337,1,'order_status_updated','Order #24 status changed to: processing','::1','2026-04-04 13:13:14'),(338,1,'order_status_updated','Order #24 status changed to: shipped','::1','2026-04-04 13:13:23'),(339,1,'order_status_updated','Order #24 status changed to: delivered','::1','2026-04-04 13:13:51'),(340,31,'return_requested','Return request submitted for Order #24','::1','2026-04-04 13:14:01'),(341,1,'return_updated','Return request #19 updated to: approved','::1','2026-04-04 13:15:00'),(342,1,'stock_movement','Stock restored: Mosaic Glass Tile Sheet (qty: 1) from Return #19','::1','2026-04-04 13:15:00'),(343,31,'order_created','Order #25 placed via gcash, total: Γé▒520.00','::1','2026-04-04 13:16:30'),(344,1,'order_status_updated','Order #25 status changed to: delivered','::1','2026-04-04 13:16:41'),(345,31,'return_requested','Return request submitted for Order #25','::1','2026-04-04 13:16:53'),(346,1,'return_updated','Return request #19 updated to: completed','::1','2026-04-04 13:17:50'),(347,1,'return_updated','Payment for Order #24 marked as refunded (Return #19)','::1','2026-04-04 13:17:50'),(348,1,'return_updated','Return request #20 updated to: approved','::1','2026-04-04 13:17:56'),(349,1,'stock_movement','Damaged product recorded: Ceramic Wall Tile 30x60cm (qty: 1) from Return #20','::1','2026-04-04 13:17:56'),(350,31,'order_created','Order #26 placed via gcash, total: Γé▒380.00','::1','2026-04-04 13:27:45'),(351,1,'order_status_updated','Order #26 status changed to: delivered','::1','2026-04-04 13:28:10'),(352,31,'return_requested','Return request submitted for Order #26','::1','2026-04-04 13:28:24'),(353,1,'return_updated','Return request #20 updated to: completed','::1','2026-04-04 13:28:35'),(354,1,'return_updated','Payment for Order #25 marked as refunded (Return #20)','::1','2026-04-04 13:28:35'),(355,1,'return_updated','Return request #21 updated to: approved','::1','2026-04-04 13:28:56'),(356,1,'stock_movement','Damaged product recorded: Mosaic Glass Tile Sheet (qty: 1) from Return #21 ΓÇö not restored to inventory','::1','2026-04-04 13:28:56'),(357,31,'user_login','User logged in: markandreyperez@gmail.com','::1','2026-04-04 15:32:59'),(358,31,'user_login','User logged in: markandreyperez@gmail.com','::1','2026-04-06 17:21:36'),(359,31,'user_logout','User logged out','::1','2026-04-06 17:59:19'),(360,3,'user_login','Staff logged in: staff@southdev.com','::1','2026-04-06 17:59:43'),(361,NULL,'user_login','User logged in: bulantoy@burnok.com','::1','2026-04-07 04:03:10'),(362,NULL,'user_logout','User logged out','::1','2026-04-07 04:04:07'),(363,1,'user_login','User logged in: admin@southdev.com','::1','2026-04-07 04:04:19'),(364,1,'price_updated','Price updated for Porcelain Floor Tile 60x60cm (ID #19): Γé▒375.00 ΓåÆ Γé▒420.00','::1','2026-04-07 04:04:49'),(365,1,'product_updated','Product updated: Porcelain Floor Tile 60x60cm (ID #19)','::1','2026-04-07 04:04:49'),(366,NULL,'user_login','User logged in: bulantoy@burnok.com','::1','2026-04-07 04:05:07'),(367,NULL,'user_logout','User logged out','::1','2026-04-07 04:29:59'),(368,3,'user_login','User logged in: staff@southdev.com','::1','2026-04-07 04:30:06'),(369,3,'user_logout','User logged out','::1','2026-04-07 04:34:21'),(370,31,'user_login','User logged in: markandreyperez@gmail.com','::1','2026-04-07 04:34:36'),(371,1,'return_updated','Return request #21 updated to: completed','::1','2026-04-07 04:39:01'),(372,1,'return_updated','Payment for Order #26 marked as refunded (Return #21)','::1','2026-04-07 04:39:01'),(373,1,'user_logout','User logged out','::1','2026-04-07 04:56:08'),(374,31,'user_login','User logged in: markandreyperez@gmail.com','::1','2026-04-07 04:56:16'),(375,31,'user_logout','User logged out','::1','2026-04-07 05:05:12'),(376,NULL,'user_login','User logged in: bulantoy@burnok.com','::1','2026-04-07 05:05:19'),(377,NULL,'user_logout','User logged out','::1','2026-04-07 05:06:43'),(378,3,'user_login','User logged in: staff@southdev.com','::1','2026-04-07 05:06:56'),(379,3,'user_logout','User logged out','::1','2026-04-07 05:23:26'),(380,NULL,'user_login','User logged in: bulantoy@burnok.com','::1','2026-04-07 05:23:31'),(381,NULL,'user_logout','User logged out','::1','2026-04-07 05:31:29'),(382,1,'user_login','User logged in: admin@southdev.com','::1','2026-04-07 05:31:36'),(383,1,'user_logout','User logged out','::1','2026-04-07 05:37:33'),(384,31,'user_login','User logged in: markandreyperez@gmail.com','::1','2026-04-07 05:38:00'),(385,31,'user_logout','User logged out','::1','2026-04-07 05:38:08'),(386,3,'user_login','User logged in: staff@southdev.com','::1','2026-04-11 13:43:44'),(387,NULL,'user_created','New customer registered: kramdreyan@gmail.com','::1','2026-04-11 13:49:34'),(388,33,'user_login','User logged in: kramdreyan@gmail.com','::1','2026-04-11 13:50:10'),(389,33,'order_created','Order #27 placed via card, total: Γé▒380.00','::1','2026-04-11 13:52:09'),(390,33,'user_logout','User logged out','::1','2026-04-11 14:01:54'),(391,NULL,'user_login','User logged in: bulantoy@burnok.com','::1','2026-04-11 14:02:31'),(392,NULL,'stock_movement','Inventory updated for Ceramic Wall Tile 30x60cm (ID #20): 48 ΓåÆ 20. Reason: Manual stock update','::1','2026-04-11 14:06:53'),(393,NULL,'stock_movement','Inventory updated for Cabinet Door Hinges (Pair) (ID #2): 50 ΓåÆ 10. Reason: Manual stock update','::1','2026-04-11 14:07:02'),(394,NULL,'stock_movement','Inventory updated for Granite Floor Tile 80x80cm (ID #22): 122 ΓåÆ 0. Reason: Manual stock update','::1','2026-04-11 14:07:17'),(395,3,'user_logout','User logged out','::1','2026-04-11 14:09:29'),(396,1,'user_login','User logged in: admin@southdev.com','::1','2026-04-11 14:09:42'),(397,1,'user_updated','User #29 active status toggled','::1','2026-04-11 14:18:09'),(398,1,'user_updated','User #29 active status toggled','::1','2026-04-11 14:19:20'),(399,1,'user_login','Staff logged in: admin@southdev.com','::1','2026-04-13 15:23:49'),(400,3,'user_login','User logged in: staff@southdev.com','::1','2026-04-14 13:56:07'),(401,NULL,'user_created','New customer registered: natzumekirito@gmail.com','::1','2026-04-16 07:16:12'),(402,NULL,'user_created','New customer registered: marksxkingsx@gmail.com','::1','2026-04-16 07:17:02'),(403,31,'user_login','User logged in: markandreyperez@gmail.com','::1','2026-04-16 07:18:26'),(404,31,'user_logout','User logged out','::1','2026-04-16 07:18:40'),(405,31,'user_login','User logged in: markandreyperez@gmail.com','::1','2026-04-16 07:22:51'),(406,1,'user_login','Staff logged in: admin@southdev.com','::1','2026-04-16 15:42:33'),(407,1,'product_updated','Product updated: Porcelain Floor Tile 60x60cm (ID #19)','::1','2026-04-16 15:48:26'),(408,31,'user_login','User logged in: markandreyperez@gmail.com','::1','2026-04-16 15:48:38'),(409,31,'user_logout','User logged out','::1','2026-04-16 15:48:55'),(410,31,'user_login','User logged in: markandreyperez@gmail.com','::1','2026-04-18 14:45:54'),(411,31,'user_logout','User logged out','::1','2026-04-18 14:47:37'),(412,3,'user_login','Staff logged in: staff@southdev.com','::1','2026-04-18 14:48:11'),(413,3,'order_status_updated','Order #27 status changed to: delivered','::1','2026-04-18 14:49:43'),(414,31,'user_login','User logged in: markandreyperez@gmail.com','::1','2026-04-20 02:48:50'),(415,31,'order_created','Order #28 placed via gcash, total: Γé▒3,160.00','::1','2026-04-20 02:58:22'),(416,31,'order_cancelled','Order #28 (SHD-20260420-E8759E) cancelled by customer. Stock restored.','::1','2026-04-20 02:58:31'),(417,31,'order_created','Order #29 placed via gcash, total: Γé▒420.00','::1','2026-04-20 03:02:04'),(418,31,'order_created','Order #30 placed via gcash, total: Γé▒280.00','::1','2026-04-20 03:04:10'),(419,31,'payment_processed','PayMongo gcash source created for Order #SHD-20260420-A66917 (Γé▒280.00)','::1','2026-04-20 03:06:37'),(420,31,'order_created','Order #31 placed via gcash, total: Γé▒280.00','::1','2026-04-20 03:10:28'),(421,31,'payment_processed','PayMongo gcash source created for Order #SHD-20260420-422126 (Γé▒280.00)','::1','2026-04-20 03:10:29'),(422,3,'user_login','Staff logged in: staff@southdev.com','::1','2026-04-20 03:13:36'),(423,3,'return_updated','Return request #9 updated to: completed','::1','2026-04-20 03:13:59'),(424,3,'return_updated','Payment for Order #23 marked as refunded (Return #9)','::1','2026-04-20 03:13:59'),(425,31,'user_logout','User logged out','::1','2026-04-20 03:42:31'),(426,31,'user_login','User logged in: markandreyperez@gmail.com','::1','2026-04-20 03:45:37'),(427,31,'user_logout','User logged out','::1','2026-04-20 03:54:52'),(428,31,'user_login','User logged in: markandreyperez@gmail.com','::1','2026-04-20 03:56:04'),(429,31,'order_created','Order #32 placed via card, total: Γé▒380.00','::1','2026-04-20 04:08:10'),(430,31,'payment_processed','PayMongo card Payment Intent created for Order #SHD-20260420-9F1D8B (Γé▒380.00)','::1','2026-04-20 04:08:11'),(431,31,'order_created','Order #33 placed via card, total: Γé▒280.00','::1','2026-04-20 04:12:06'),(432,31,'payment_processed','PayMongo card Payment Intent created for Order #SHD-20260420-604101 (Γé▒280.00)','::1','2026-04-20 04:12:07'),(433,31,'order_created','Order #34 placed via card, total: Γé▒420.00','::1','2026-04-20 04:17:25'),(434,31,'payment_processed','PayMongo card Payment Intent created for Order #SHD-20260420-594E98 (Γé▒420.00)','::1','2026-04-20 04:17:26'),(435,31,'payment_processed','Card payment succeeded for Order #SHD-20260420-594E98','::1','2026-04-20 04:19:37'),(436,31,'order_cancelled','Order #34 (SHD-20260420-594E98) cancelled by customer. Stock restored.','::1','2026-04-20 06:59:57'),(437,31,'order_cancelled','Order #33 (SHD-20260420-604101) cancelled by customer. Stock restored.','::1','2026-04-20 07:00:16'),(438,31,'order_cancelled','Order #32 (SHD-20260420-9F1D8B) cancelled by customer. Stock restored.','::1','2026-04-20 07:00:22'),(439,31,'order_cancelled','Order #31 (SHD-20260420-422126) cancelled by customer. Stock restored.','::1','2026-04-20 07:00:29'),(440,31,'order_cancelled','Order #30 (SHD-20260420-A66917) cancelled by customer. Stock restored.','::1','2026-04-20 07:00:34'),(441,31,'order_cancelled','Order #29 (SHD-20260420-C52375) cancelled by customer. Stock restored.','::1','2026-04-20 07:00:40'),(442,31,'order_created','Order #35 placed via gcash, total: Γé▒520.00','::1','2026-04-20 07:01:40'),(443,31,'payment_processed','PayMongo error: PayMongo API Error (400): Organization with id org_TDidiG5GqRtKnDVjCwRFiggL is not allowed to process gcash payments.','::1','2026-04-20 07:01:43'),(444,31,'order_cancelled','Order #35 (SHD-20260420-49AD90) auto-cancelled: payment failed/cancelled.','::1','2026-04-20 07:04:27'),(445,31,'order_created','Order #36 placed via gcash, total: Γé▒380.00','::1','2026-04-20 07:35:25'),(446,31,'payment_processed','PayMongo gcash source created for Order #SHD-20260420-D37D1A (Γé▒380.00)','::1','2026-04-20 07:35:29'),(447,31,'order_cancelled','Order #36 (SHD-20260420-D37D1A) cancelled by customer. Stock restored.','::1','2026-04-20 07:35:46'),(448,31,'user_logout','User logged out','::1','2026-04-20 07:50:07'),(449,31,'user_login','User logged in: markandreyperez@gmail.com','::1','2026-04-20 07:50:24'),(450,31,'user_login','User logged in: markandreyperez@gmail.com','::1','2026-04-20 14:12:48'),(451,31,'user_logout','User logged out','::1','2026-04-20 15:07:52'),(452,3,'user_login','Staff logged in: staff@southdev.com','::1','2026-04-20 15:08:05'),(453,1,'user_login','User logged in: admin@southdev.com','::1','2026-04-20 15:15:35'),(454,3,'order_status_updated','Order #11 status changed to: shipped','::1','2026-04-20 15:18:59'),(455,3,'order_status_updated','Order #11 status changed to: delivered','::1','2026-04-20 15:19:03'),(456,1,'user_logout','User logged out','::1','2026-04-20 15:20:20'),(457,NULL,'user_login','User logged in: bulantoy@burnok.com','::1','2026-04-20 15:20:27'),(458,3,'user_logout','User logged out','::1','2026-04-20 15:33:26'),(459,NULL,'user_logout','User logged out','::1','2026-04-20 16:03:56'),(460,1,'user_login','Staff logged in: admin@southdev.com','::1','2026-04-20 16:04:19'),(461,1,'user_updated','User #2 active status toggled','::1','2026-04-20 16:19:51'),(462,1,'user_updated','User #2 active status toggled','::1','2026-04-20 16:19:58'),(463,1,'user_updated','User #2 active status toggled','::1','2026-04-20 16:20:04'),(464,1,'user_updated','User #2 active status toggled','::1','2026-04-20 16:20:09'),(465,1,'user_updated','User #31 active status toggled','::1','2026-04-20 16:20:16'),(466,1,'user_updated','User #31 active status toggled','::1','2026-04-20 16:23:26'),(467,31,'user_login','User logged in: markandreyperez@gmail.com','::1','2026-04-20 17:31:20'),(468,31,'user_login','User logged in: markandreyperez@gmail.com','::1','2026-04-22 15:55:36'),(469,31,'user_login','User logged in: markandreyperez@gmail.com','::1','2026-04-22 17:52:27'),(470,1,'user_login','Staff logged in: admin@southdev.com','::1','2026-04-23 15:29:24'),(471,1,'user_logout','User logged out','::1','2026-04-23 15:37:51'),(472,1,'user_login','User logged in: admin@southdev.com','::1','2026-04-23 16:01:55'),(473,1,'user_created','User created: burnokernesto (Role ID: 4)','::1','2026-04-23 16:15:38'),(474,1,'user_logout','User logged out','::1','2026-04-23 16:15:44'),(475,NULL,'user_login','Staff logged in: burnokernesto@staff.local','::1','2026-04-23 16:18:18'),(476,NULL,'user_logout','User logged out','::1','2026-04-23 16:18:31'),(477,1,'user_login','User logged in: admin@southdev.com','::1','2026-04-23 16:18:45'),(478,1,'user_updated','User #32 deleted','::1','2026-04-23 16:20:27'),(479,1,'user_updated','User #36 deleted','::1','2026-04-23 16:21:05'),(480,1,'user_created','User created: christian (Role ID: 2)','::1','2026-04-23 16:47:33'),(481,NULL,'user_login','Staff logged in: christian@staff.local','::1','2026-04-23 16:51:23'),(482,NULL,'user_logout','User logged out','::1','2026-04-23 16:52:30'),(483,1,'user_updated','User #37 deleted','::1','2026-04-23 16:52:37'),(484,1,'user_created','User created: christian (Role ID: 2)','::1','2026-04-23 16:53:25'),(485,NULL,'user_login','Staff logged in: christian@staff.local','::1','2026-04-23 16:53:40'),(486,1,'user_updated','User #38 deleted','::1','2026-04-23 16:54:04'),(487,1,'user_logout','User logged out','::1','2026-04-23 16:57:12'),(488,31,'user_login','User logged in: markandreyperez@gmail.com','::1','2026-04-23 16:57:21'),(489,31,'order_created','Order #37 placed via card, total: Γé▒2,260.00','::1','2026-04-23 16:58:04'),(490,31,'payment_processed','PayMongo card Payment Intent created for Order #SHD-20260424-C449F8 (Γé▒2,260.00)','::1','2026-04-23 16:58:05'),(491,31,'payment_processed','PayMongo card Payment Intent created for Order #SHD-20260424-C449F8 (Γé▒2,260.00)','::1','2026-04-23 17:00:42'),(492,31,'payment_processed','Card payment succeeded for Order #SHD-20260424-C449F8','::1','2026-04-23 17:03:26'),(493,31,'payment_processed','Card intent error: This order has already been paid','::1','2026-04-23 17:03:55'),(494,31,'payment_processed','Card intent error: This order has already been paid','::1','2026-04-23 17:03:57'),(495,31,'payment_processed','Card intent error: This order has already been paid','::1','2026-04-23 17:03:58'),(496,31,'order_cancelled','Order #37 (SHD-20260424-C449F8) auto-cancelled: payment failed/cancelled.','::1','2026-04-23 17:03:59'),(497,1,'user_login','User logged in: admin@southdev.com','::1','2026-04-23 17:06:53'),(498,31,'order_created','Order #38 placed via card, total: Γé▒280.00','::1','2026-04-23 17:07:47'),(499,31,'payment_processed','PayMongo card Payment Intent created for Order #SHD-20260424-3AAD9E (Γé▒280.00)','::1','2026-04-23 17:07:49'),(500,31,'payment_processed','PayMongo card Payment Intent created for Order #SHD-20260424-3AAD9E (Γé▒280.00)','::1','2026-04-23 17:19:46'),(501,31,'payment_processed','PayMongo card Payment Intent created for Order #SHD-20260424-3AAD9E (Γé▒280.00)','::1','2026-04-23 17:22:17'),(502,31,'order_cancelled','Order #38 (SHD-20260424-3AAD9E) auto-cancelled: payment failed/cancelled.','::1','2026-04-23 17:25:39'),(503,31,'user_logout','User logged out','::1','2026-04-23 17:26:07'),(504,3,'user_login','User logged in: staff@southdev.com','::1','2026-04-23 17:26:55'),(505,3,'user_logout','User logged out','::1','2026-04-23 17:56:14'),(506,1,'user_login','User logged in: admin@southdev.com','::1','2026-04-23 18:43:04'),(507,31,'user_login','User logged in: markandreyperez@gmail.com','::1','2026-04-24 05:14:08'),(508,31,'order_created','Order #39 placed via gcash, total: Γé▒1,250.00','::1','2026-04-24 05:29:31'),(509,31,'payment_processed','PayMongo gcash source created for Order #SHD-20260424-B0E098 (Γé▒1,250.00)','::1','2026-04-24 05:29:38'),(510,31,'order_cancelled','Order #39 (SHD-20260424-B0E098) cancelled by customer. Stock restored.','::1','2026-04-24 05:30:13'),(511,31,'user_logout','User logged out','::1','2026-04-24 07:24:52'),(512,31,'user_login','User logged in: markandreyperez@gmail.com','::1','2026-04-24 07:26:03'),(513,31,'user_logout','User logged out','::1','2026-04-24 07:36:31'),(514,NULL,'user_created','New customer registered: test@gmail.com','::1','2026-04-24 07:37:35'),(515,1,'user_login','Staff logged in: admin@southdev.com','::1','2026-04-24 07:38:11'),(516,NULL,'user_login','User logged in: natzumekirito@gmail.com','::1','2026-04-24 07:55:39'),(517,NULL,'user_logout','User logged out','::1','2026-04-24 07:55:52'),(518,31,'user_login','User logged in: markandreyperez@gmail.com','::1','2026-04-24 07:59:41'),(519,31,'user_logout','User logged out','::1','2026-04-24 07:59:53'),(520,31,'user_login','User logged in: markandreyperez@gmail.com','::1','2026-04-24 08:00:05'),(521,31,'user_logout','User logged out','::1','2026-04-24 08:02:30'),(522,31,'user_login','User logged in: markandreyperez@gmail.com','::1','2026-04-24 08:02:39'),(523,31,'user_logout','User logged out','::1','2026-04-24 08:03:04'),(524,31,'user_login','User logged in: markandreyperez@gmail.com','::1','2026-04-24 08:03:15'),(525,31,'user_logout','User logged out','::1','2026-04-24 08:09:45'),(526,31,'user_login','User logged in: markandreyperez@gmail.com','::1','2026-04-24 08:09:53'),(527,31,'user_logout','User logged out','::1','2026-04-24 08:09:59'),(528,31,'user_login','User logged in: markandreyperez@gmail.com','::1','2026-04-24 08:10:09'),(529,31,'user_logout','User logged out','::1','2026-04-24 08:11:12'),(530,31,'user_login','User logged in: markandreyperez@gmail.com','::1','2026-04-24 08:12:15'),(531,31,'user_logout','User logged out','::1','2026-04-24 08:12:23'),(532,31,'user_login','User logged in: markandreyperez@gmail.com','::1','2026-04-24 08:12:34'),(533,31,'user_logout','User logged out','::1','2026-04-24 08:12:39'),(534,31,'user_login','User logged in: markandreyperez@gmail.com','::1','2026-04-24 08:12:45'),(535,31,'user_logout','User logged out','::1','2026-04-24 08:13:00'),(536,31,'user_login','User logged in: markandreyperez@gmail.com','::1','2026-04-24 09:54:07'),(537,31,'user_logout','User logged out','::1','2026-04-24 10:23:43'),(538,1,'user_login','User logged in: admin@southdev.com','::1','2026-04-24 14:45:35'),(539,1,'category_deleted','Category #9 deleted','::1','2026-04-24 14:48:20'),(540,1,'user_login','Staff logged in: admin@southdev.com','::1','2026-04-24 14:50:49'),(541,1,'product_created','Product created: 750X1500 Marble Floor Tiles (ID #29)','::1','2026-04-24 14:54:25'),(542,1,'product_updated','Product updated: 750X1500 Marble Floor Tiles (ID #29)','::1','2026-04-24 14:54:43'),(543,1,'user_logout','User logged out','::1','2026-04-24 14:56:42'),(544,31,'user_login','User logged in: markandreyperez@gmail.com','::1','2026-04-24 14:56:49'),(545,1,'product_created','Product created: 1x1 Pool Tiles Per Sheet (ID #30)','::1','2026-04-24 15:09:24'),(546,1,'product_updated','Product updated: 1x1 Pool Tiles Per Sheet (ID #30)','::1','2026-04-24 15:17:48'),(547,1,'product_updated','Product updated: 1x1 Pool Tiles Per Sheet (ID #30)','::1','2026-04-24 15:18:11'),(548,1,'product_created','Product created: 1x1 Pool Tiles Per Sheet (ID #31)','::1','2026-04-24 15:22:48'),(549,1,'product_deleted','Product deleted: 1x1 Pool Tiles Per Sheet','::1','2026-04-24 15:24:00'),(550,1,'product_deleted','Product deleted: 1x1 Pool Tiles Per Sheet','::1','2026-04-24 15:24:05'),(551,1,'product_created','Product created: 750X1500 Marble Floor Tiles (ID #32)','::1','2026-04-24 15:26:25'),(552,1,'product_deleted','Product deleted: 750X1500 Marble Floor Tiles','::1','2026-04-24 15:28:02'),(553,1,'product_updated','Product updated: 750X1500 Marble Floor Tiles (ID #29)','::1','2026-04-24 15:30:04'),(554,1,'product_deleted','Product deleted: 750X1500 Marble Floor Tiles','::1','2026-04-24 15:30:14'),(555,1,'user_created','User created: johndoe (Role ID: 4)','::1','2026-04-24 15:31:15'),(556,1,'user_logout','User logged out','::1','2026-04-24 15:31:49'),(557,31,'user_login','User logged in: markandreyperez@gmail.com','::1','2026-04-24 15:31:55'),(558,31,'user_logout','User logged out','::1','2026-04-24 15:32:18'),(559,1,'user_login','Staff logged in: admin@southdev.com','::1','2026-04-24 15:32:57'),(560,31,'user_logout','User logged out','::1','2026-04-24 15:34:10'),(561,40,'user_login','Staff logged in: johndoe@staff.local','::1','2026-04-24 15:34:31'),(562,40,'supplier_request','Supplier request for 1000 units of Cabinet Door Hinges (Pair) (ID #2)','::1','2026-04-24 15:34:54'),(563,40,'stock_movement','Inventory updated for Cabinet Door Hinges (Pair) (ID #2): 10 ΓåÆ 1000. Reason: Manual stock update','::1','2026-04-24 15:35:12'),(564,40,'stock_movement','Inventory updated for Ceramic Wall Tile 30x60cm (ID #20): 20 ΓåÆ 1000. Reason: Manual stock update','::1','2026-04-24 15:35:21'),(565,40,'user_logout','User logged out','::1','2026-04-24 15:37:03'),(566,3,'user_login','Staff logged in: staff@southdev.com','::1','2026-04-24 15:37:47'),(567,1,'stock_added','Added 100 units to Granite Floor Tile 80x80cm (ID #22). Reason: Stock purchase/restock','::1','2026-04-24 15:39:48'),(568,1,'user_logout','User logged out','::1','2026-04-24 15:44:04'),(569,40,'user_login','Staff logged in: johndoe@staff.local','::1','2026-04-24 15:44:25'),(570,40,'stock_movement','Inventory updated for Porcelain Floor Tile 60x60cm (ID #19): 95 ΓåÆ 100. Reason: Manual stock update','::1','2026-04-24 15:45:19'),(571,40,'stock_added','Added 200 units to Porcelain Floor Tile 60x60cm (ID #19). Reason: Stock purchase/restock','::1','2026-04-24 15:47:10'),(572,3,'stock_added','Added 1 units to Kitchen Faucet Single Handle (ID #11). Reason: Stock purchase/restock','::1','2026-04-24 15:53:13'),(573,3,'stock_added','Added 94 units to Hexagonal Cement Tile (ID #26). Reason: Stock purchase/restock','::1','2026-04-24 15:55:24'),(574,3,'stock_added','Added 100 units to Granite Floor Tile 80x80cm (ID #22). Reason: Stock purchase/restock','::1','2026-04-24 15:58:40'),(575,3,'stock_added','Added 1 units to GI Corrugated Roof Sheet (ID #6). Reason: Stock purchase/restock','::1','2026-04-24 15:59:49'),(576,40,'user_login','Staff logged in: johndoe@staff.local','::1','2026-04-24 16:19:45'),(577,40,'user_logout','User logged out','::1','2026-04-24 16:31:32'),(578,3,'user_login','Staff logged in: staff@southdev.com','::1','2026-04-24 16:32:14'),(579,3,'user_logout','User logged out','::1','2026-04-24 16:35:09'),(580,1,'user_login','Staff logged in: admin@southdev.com','::1','2026-04-24 16:47:46'),(581,31,'user_login','User logged in: markandreyperez@gmail.com','::1','2026-04-24 16:57:01'),(582,31,'order_created','Order #40 placed via cod, total: Γé▒420.00','::1','2026-04-24 16:58:20'),(583,31,'order_cancelled','Order #40 (SHD-20260425-C70F62) cancelled by customer. Stock restored.','::1','2026-04-24 16:58:29'),(584,31,'order_created','Order #41 placed via gcash, total: Γé▒840.00','::1','2026-04-24 17:01:42'),(585,31,'payment_processed','PayMongo gcash source created for Order #SHD-20260425-694EF8 (Γé▒840.00)','::1','2026-04-24 17:01:49'),(586,1,'order_status_updated','Order #41 status changed to: delivered','::1','2026-04-24 17:06:15'),(587,31,'order_created','Order #42 placed via cod, total: Γé▒420.00','::1','2026-04-24 17:07:43'),(588,31,'order_cancelled','Order #42 (SHD-20260425-F73D7D) cancelled by customer. Stock restored.','::1','2026-04-24 17:08:19'),(589,31,'user_login','User logged in: markandreyperez@gmail.com','::1','2026-04-24 21:05:11'),(590,1,'user_login','Staff logged in: admin@southdev.com','::1','2026-04-24 21:06:28'),(591,1,'user_created','User created: carltest (Role ID: 2)','::1','2026-04-24 21:10:00'),(592,31,'user_login','User logged in: markandreyperez@gmail.com','::1','2026-04-26 08:39:28'),(593,NULL,'user_created','New customer registered: maaperez07@gmail.com','::1','2026-04-26 08:58:17'),(594,NULL,'user_login','User logged in: maaperez07@gmail.com','::1','2026-04-26 09:00:48'),(595,31,'user_logout','User logged out','::1','2026-04-26 09:01:07'),(596,1,'user_login','Staff logged in: admin@southdev.com','::1','2026-04-26 09:01:32'),(597,1,'user_logout','User logged out','::1','2026-04-26 09:43:09'),(598,31,'user_login','User logged in: markandreyperez@gmail.com','::1','2026-04-26 12:07:52'),(599,31,'user_logout','User logged out','::1','2026-04-26 14:04:47'),(600,31,'user_login','User logged in: markandreyperez@gmail.com','::1','2026-04-26 14:05:40'),(601,31,'order_created','Order #43 placed via card, total: Γé▒2,570.00','::1','2026-04-26 14:06:30'),(602,31,'payment_processed','PayMongo card Payment Intent created for Order #SHD-20260426-5EF1F8 (Γé▒2,570.00)','::1','2026-04-26 14:06:31'),(603,31,'order_created','Order #44 placed via card, total: Γé▒280.00','::1','2026-04-26 14:08:11'),(604,31,'payment_processed','PayMongo card Payment Intent created for Order #SHD-20260426-B3F60B (Γé▒280.00)','::1','2026-04-26 14:08:12'),(605,31,'payment_processed','PayMongo card Payment Intent created for Order #SHD-20260426-B3F60B (Γé▒280.00)','::1','2026-04-26 14:10:56'),(606,31,'payment_processed','PayMongo card Payment Intent created for Order #SHD-20260426-B3F60B (Γé▒280.00)','::1','2026-04-26 14:13:26'),(607,31,'payment_processed','Card payment succeeded for Order #SHD-20260426-B3F60B','::1','2026-04-26 14:14:00'),(608,31,'order_cancelled','Order #44 (SHD-20260426-B3F60B) cancelled by customer. Stock restored.','::1','2026-04-26 14:14:09'),(609,31,'order_created','Order #45 placed via card, total: Γé▒280.00','::1','2026-04-26 14:14:37'),(610,31,'payment_processed','PayMongo card Payment Intent created for Order #SHD-20260426-D1AFA2 (Γé▒280.00)','::1','2026-04-26 14:14:38'),(611,31,'payment_processed','Card payment succeeded for Order #SHD-20260426-D1AFA2','::1','2026-04-26 14:14:56'),(612,31,'order_created','Order #46 placed via card, total: Γé▒420.00','::1','2026-04-26 14:41:58'),(613,31,'payment_processed','PayMongo card Payment Intent created for Order #SHD-20260426-62E27F (Γé▒420.00)','::1','2026-04-26 14:41:59'),(614,31,'payment_processed','Card payment succeeded for Order #SHD-20260426-62E27F','::1','2026-04-26 14:49:11'),(615,31,'order_created','Order #47 placed via card, total: Γé▒520.00','::1','2026-04-26 14:52:57'),(616,31,'payment_processed','PayMongo card Payment Intent created for Order #SHD-20260426-96890B (Γé▒520.00)','::1','2026-04-26 14:52:58'),(617,31,'payment_processed','Card payment succeeded for Order #SHD-20260426-96890B','::1','2026-04-26 14:56:42'),(618,31,'order_created','Order #48 placed via cod, total: Γé▒520.00','::1','2026-04-26 14:58:41'),(619,31,'order_cancelled','Order #48 (SHD-20260426-1C2B28) cancelled by customer. Stock restored.','::1','2026-04-26 14:58:48'),(620,31,'order_created','Order #49 placed via card, total: Γé▒420.00','::1','2026-04-26 14:59:24'),(621,31,'payment_processed','PayMongo card Payment Intent created for Order #SHD-20260426-C30B76 (Γé▒420.00)','::1','2026-04-26 14:59:26'),(622,31,'payment_processed','Card payment succeeded for Order #SHD-20260426-C30B76','::1','2026-04-26 15:07:46'),(623,31,'order_created','Order #50 placed via cod, total: Γé▒420.00','::1','2026-04-26 15:11:43'),(624,31,'order_cancelled','Order #50 (SHD-20260426-FE4239) cancelled by customer. Stock restored.','::1','2026-04-26 15:11:47'),(625,31,'order_created','Order #51 placed via card, total: Γé▒280.00','::1','2026-04-26 15:12:20'),(626,31,'payment_processed','PayMongo card Payment Intent created for Order #SHD-20260426-40E86C (Γé▒280.00)','::1','2026-04-26 15:12:21'),(627,31,'payment_processed','PayMongo card Payment Intent created for Order #SHD-20260426-40E86C (Γé▒280.00)','::1','2026-04-26 15:14:22'),(628,31,'payment_processed','PayMongo card Payment Intent created for Order #SHD-20260426-40E86C (Γé▒280.00)','::1','2026-04-26 15:21:02'),(629,31,'payment_processed','Card payment succeeded for Order #SHD-20260426-40E86C','::1','2026-04-26 15:22:04'),(630,31,'order_created','Order #52 placed via card, total: Γé▒420.00','::1','2026-04-26 15:23:40'),(631,31,'payment_processed','PayMongo card Payment Intent created for Order #SHD-20260426-CB5833 (Γé▒420.00)','::1','2026-04-26 15:23:41'),(632,31,'payment_processed','PayMongo card Payment Intent created for Order #SHD-20260426-CB5833 (Γé▒420.00)','::1','2026-04-26 15:25:26'),(633,31,'user_login','User logged in: markandreyperez@gmail.com','::1','2026-04-27 11:28:12'),(634,31,'user_logout','User logged out','::1','2026-04-27 11:29:46'),(635,31,'user_login','User logged in: markandreyperez@gmail.com','::1','2026-04-27 12:03:41'),(636,3,'user_login','Staff logged in: staff@southdev.com','::1','2026-04-29 06:53:46'),(637,3,'order_status_updated','Order #52 status changed to: delivered','::1','2026-04-29 06:54:07'),(638,3,'order_status_updated','Order #51 status changed to: delivered','::1','2026-04-29 06:54:29'),(639,1,'user_login','Staff logged in: admin@southdev.com','::1','2026-04-29 06:57:24'),(640,1,'stock_movement','Inventory updated for Cabinet Door Hinges (Pair) (ID #2): 1000 ΓåÆ 20. Reason: Test','::1','2026-04-29 06:58:40'),(641,1,'stock_movement','Inventory updated for Cabinet Door Hinges (Pair) (ID #2): 20 ΓåÆ 1000. Reason: Test','::1','2026-04-29 06:59:05'),(642,3,'stock_movement','Inventory updated for Cabinet Door Hinges (Pair) (ID #2): 1000 ΓåÆ 50. Reason: Manual stock update','::1','2026-04-29 07:08:10'),(643,3,'stock_movement','Inventory updated for Cabinet Door Hinges (Pair) (ID #2): 50 ΓåÆ 20. Reason: Manual stock update','::1','2026-04-29 07:08:21'),(644,3,'stock_movement','Inventory updated for Cabinet Door Hinges (Pair) (ID #2): 20 ΓåÆ 5. Reason: Manual stock update','::1','2026-04-29 07:08:31'),(645,3,'stock_movement','Inventory updated for Cabinet Door Hinges (Pair) (ID #2): 5 ΓåÆ 1000. Reason: Manual stock update','::1','2026-04-29 07:08:50'),(646,3,'stock_movement','Inventory updated for Circular Saw 7-1/4\" (ID #9): 1000 ΓåÆ 10. Reason: Manual stock update','::1','2026-04-29 07:09:36'),(647,3,'stock_movement','Inventory updated for Circular Saw 7-1/4\" (ID #9): 10 ΓåÆ 5. Reason: Manual stock update','::1','2026-04-29 07:09:45'),(648,3,'stock_movement','Inventory updated for Circular Saw 7-1/4\" (ID #9): 5 ΓåÆ 500. Reason: Testing','::1','2026-04-29 07:10:06'),(649,3,'user_logout','User logged out','::1','2026-04-29 07:46:53'),(650,31,'user_login','User logged in: markandreyperez@gmail.com','::1','2026-04-29 07:47:07'),(651,31,'user_logout','User logged out','::1','2026-04-29 07:47:13'),(652,1,'user_logout','User logged out','::1','2026-04-29 07:58:42'),(653,1,'user_login','Staff logged in: admin@southdev.com','::1','2026-04-29 07:59:28'),(654,1,'user_logout','User logged out','::1','2026-04-29 08:01:43'),(655,1,'user_login','Staff logged in: admin@southdev.com','::1','2026-04-29 08:03:56'),(656,31,'user_login','User logged in: markandreyperez@gmail.com','::1','2026-04-29 08:07:44'),(657,31,'return_requested','Return request submitted for Order #51','::1','2026-04-29 08:12:18'),(658,1,'return_updated','Return request #22 updated to: approved','::1','2026-04-29 08:13:16'),(659,1,'stock_movement','Damaged product recorded: Portland Cement 40kg (qty: 1) from Return #22 ΓÇö not restored to inventory','::1','2026-04-29 08:13:16'),(660,1,'return_updated','Return request #22 updated to: completed','::1','2026-04-29 08:13:57'),(661,1,'return_updated','Payment for Order #51 marked as refunded (Return #22)','::1','2026-04-29 08:13:57'),(662,31,'user_logout','User logged out','::1','2026-04-29 08:31:58'),(663,31,'user_login','User logged in: markandreyperez@gmail.com','::1','2026-04-29 08:46:51'),(664,31,'user_login','User logged in: markandreyperez@gmail.com','::1','2026-04-29 15:49:33'),(665,31,'user_login','User logged in: markandreyperez@gmail.com','::1','2026-04-30 04:50:22'),(666,31,'order_created','Order #53 placed via qrph, total: Γé▒9,260.00','::1','2026-04-30 04:50:53'),(667,31,'order_cancelled','Order #53 (SHD-20260430-DB9CF8) cancelled by customer. Stock restored.','::1','2026-04-30 04:51:09'),(668,31,'order_created','Order #54 placed via qrph, total: Γé▒1,040.00','::1','2026-04-30 04:52:53'),(669,31,'order_cancelled','Order #54 (SHD-20260430-55C5A7) cancelled by customer. Stock restored.','::1','2026-04-30 04:54:21'),(670,31,'order_cancelled','Order #49 (SHD-20260426-C30B76) cancelled by customer. Stock restored.','::1','2026-04-30 04:54:40'),(671,31,'order_cancelled','Order #47 (SHD-20260426-96890B) cancelled by customer. Stock restored.','::1','2026-04-30 04:54:48'),(672,31,'order_cancelled','Order #46 (SHD-20260426-62E27F) cancelled by customer. Stock restored.','::1','2026-04-30 04:55:06'),(673,31,'order_cancelled','Order #45 (SHD-20260426-D1AFA2) cancelled by customer. Stock restored.','::1','2026-04-30 04:55:14'),(674,31,'order_cancelled','Order #43 (SHD-20260426-5EF1F8) cancelled by customer. Stock restored.','::1','2026-04-30 04:55:23'),(675,31,'order_created','Order #55 placed via qrph, total: Γé▒420.00','::1','2026-04-30 04:56:02'),(676,31,'payment_processed','PayMongo error: PayMongo API Error (400): The source_type passed qrph is invalid.','::1','2026-04-30 04:56:03'),(677,31,'order_cancelled','Order #55 (SHD-20260430-2634AC) cancelled by customer. Stock restored.','::1','2026-04-30 04:59:07'),(678,31,'order_created','Order #56 placed via gcash, total: Γé▒520.00','::1','2026-04-30 04:59:30'),(679,31,'payment_processed','PayMongo gcash source created for Order #SHD-20260430-176FBC (Γé▒520.00)','::1','2026-04-30 04:59:33'),(680,31,'order_cancelled','Order #56 (SHD-20260430-176FBC) cancelled by customer. Stock restored.','::1','2026-04-30 04:59:49'),(681,31,'order_created','Order #57 placed via gcash, total: Γé▒280.00','::1','2026-04-30 05:00:14'),(682,31,'order_cancelled','Order #57 (SHD-20260430-EAEC87) cancelled by customer. Stock restored.','::1','2026-04-30 05:00:21'),(683,31,'order_created','Order #58 placed via qrph, total: Γé▒520.00','::1','2026-04-30 05:02:47'),(684,31,'payment_processed','QRPh code generated for Order #SHD-20260430-76140C (Γé▒520.00)','::1','2026-04-30 05:02:48'),(685,31,'order_cancelled','Order #58 (SHD-20260430-76140C) cancelled by customer. Stock restored.','::1','2026-04-30 05:10:34'),(686,31,'order_created','Order #59 placed via qrph, total: Γé▒1,260.00','::1','2026-04-30 05:11:02'),(687,31,'payment_processed','QRPh checkout session created for Order #SHD-20260430-694B17 (Γé▒1,260.00)','::1','2026-04-30 05:11:03'),(688,31,'order_cancelled','Order #59 (SHD-20260430-694B17) cancelled by customer. Stock restored.','::1','2026-04-30 05:14:34'),(689,31,'order_created','Order #60 placed via qrph, total: Γé▒420.00','::1','2026-04-30 05:14:59'),(690,31,'payment_processed','QRPh checkout session created for Order #SHD-20260430-3A4A7E (Γé▒420.00)','::1','2026-04-30 05:15:01'),(691,31,'order_cancelled','Order #60 (SHD-20260430-3A4A7E) cancelled by customer. Stock restored.','::1','2026-04-30 05:19:17'),(692,31,'order_created','Order #61 placed via qrph, total: Γé▒840.00','::1','2026-04-30 05:20:08'),(693,31,'payment_processed','QRPh checkout session created for Order #SHD-20260430-83309B (Γé▒840.00)','::1','2026-04-30 05:20:09'),(694,31,'order_cancelled','Order #61 (SHD-20260430-83309B) cancelled by customer. Stock restored.','::1','2026-04-30 05:22:48'),(695,31,'order_created','Order #62 placed via qrph, total: Γé▒760.00','::1','2026-04-30 05:24:07'),(696,31,'payment_processed','QRPh checkout session created for Order #SHD-20260430-7142D5 (Γé▒760.00)','::1','2026-04-30 05:24:08'),(697,31,'order_created','Order #63 placed via gcash, total: Γé▒420.00','::1','2026-04-30 05:29:25'),(698,31,'payment_processed','PayMongo gcash source created for Order #SHD-20260430-5809AF (Γé▒420.00)','::1','2026-04-30 05:29:30'),(699,31,'payment_processed','PayMongo gcash source created for Order #SHD-20260430-5809AF (Γé▒420.00)','::1','2026-04-30 05:30:03'),(700,31,'order_cancelled','Order #63 (SHD-20260430-5809AF) cancelled by customer. Stock restored.','::1','2026-04-30 05:33:56'),(701,31,'order_created','Order #64 placed via qrph, total: Γé▒1,040.00','::1','2026-04-30 05:35:13'),(702,31,'payment_processed','QRPh checkout session created for Order #SHD-20260430-133931 (Γé▒1,040.00)','::1','2026-04-30 05:35:14'),(703,31,'order_created','Order #65 placed via gcash, total: Γé▒1,040.00','::1','2026-04-30 05:36:14'),(704,31,'payment_processed','PayMongo gcash source created for Order #SHD-20260430-E91703 (Γé▒1,040.00)','::1','2026-04-30 05:36:16'),(705,31,'order_created','Order #66 placed via gcash, total: Γé▒900.00','::1','2026-04-30 05:37:00'),(706,31,'payment_processed','PayMongo gcash source created for Order #SHD-20260430-C9C498 (Γé▒900.00)','::1','2026-04-30 05:37:02'),(707,31,'order_cancelled','Order #66 (SHD-20260430-C9C498) cancelled by customer. Stock restored.','::1','2026-04-30 05:37:57'),(708,31,'order_created','Order #67 placed via gcash, total: Γé▒840.00','::1','2026-04-30 05:38:12'),(709,31,'payment_processed','PayMongo gcash source created for Order #SHD-20260430-41EDFA (Γé▒840.00)','::1','2026-04-30 05:38:14'),(710,31,'order_created','Order #68 placed via gcash, total: Γé▒840.00','::1','2026-04-30 05:39:09'),(711,31,'payment_processed','PayMongo gcash source created for Order #SHD-20260430-DCA8B0 (Γé▒840.00)','::1','2026-04-30 05:39:20'),(712,31,'order_created','Order #69 placed via gcash, total: Γé▒1,260.00','::1','2026-04-30 05:42:22'),(713,31,'payment_processed','PayMongo gcash source created for Order #SHD-20260430-DF2618 (Γé▒1,260.00)','::1','2026-04-30 05:42:24'),(714,31,'order_cancelled','Order #69 (SHD-20260430-DF2618) cancelled by customer. Stock restored.','::1','2026-04-30 05:42:46'),(715,1,'user_login','Staff logged in: admin@southdev.com','::1','2026-04-30 05:47:01'),(716,31,'order_created','Order #70 placed via card, total: Γé▒3,700.00','::1','2026-04-30 05:52:48'),(717,31,'payment_processed','PayMongo card Payment Intent created for Order #SHD-20260430-0CE361 (Γé▒3,700.00)','::1','2026-04-30 05:52:50'),(718,31,'payment_processed','Card payment succeeded for Order #SHD-20260430-0CE361','::1','2026-04-30 05:53:51'),(719,1,'order_status_updated','Order #70 status changed to: delivered','::1','2026-04-30 05:54:58'),(720,31,'return_requested','Return request submitted for Order #70','::1','2026-04-30 06:14:25'),(721,1,'user_logout','User logged out','::1','2026-04-30 06:27:35'),(722,1,'user_login','Staff logged in: admin@southdev.com','::1','2026-04-30 06:27:54'),(723,1,'user_logout','User logged out','::1','2026-04-30 06:27:58'),(724,3,'user_login','Staff logged in: staff@southdev.com','::1','2026-04-30 06:28:12'),(725,3,'return_updated','Return request #23 updated to: approved','::1','2026-04-30 06:34:17'),(726,3,'stock_movement','Damaged product recorded: Subway Tile 10x30cm (Box of 20) (qty: 1) from Return #23 ΓÇö not restored to inventory','::1','2026-04-30 06:34:17'),(727,3,'stock_movement','Damaged product recorded: Mosaic Glass Tile Sheet (qty: 1) from Return #23 ΓÇö not restored to inventory','::1','2026-04-30 06:34:17'),(728,3,'return_updated','Return request #23 updated to: completed','::1','2026-04-30 06:34:59'),(729,3,'return_updated','Payment for Order #70 marked as refunded (Return #23)','::1','2026-04-30 06:34:59'),(730,31,'order_created','Order #71 placed via gcash, total: Γé▒3,485.00','::1','2026-04-30 06:35:41'),(731,31,'payment_processed','PayMongo gcash source created for Order #SHD-20260430-D71107 (Γé▒3,485.00)','::1','2026-04-30 06:35:44'),(732,3,'order_status_updated','Order #71 status changed to: delivered','::1','2026-04-30 06:36:18'),(733,31,'return_requested','Return request submitted for Order #71','::1','2026-04-30 06:36:54'),(734,3,'return_updated','Return request #24 updated to: approved','::1','2026-04-30 06:38:26'),(735,3,'stock_movement','Damaged product recorded: Vinyl Plank Tile 15x90cm (qty: 1) from Return #24 ΓÇö not restored to inventory','::1','2026-04-30 06:38:26'),(736,3,'stock_movement','Damaged product recorded: Hexagonal Cement Tile (qty: 1) from Return #24 ΓÇö not restored to inventory','::1','2026-04-30 06:38:26'),(737,3,'stock_movement','Damaged product recorded: Granite Floor Tile 80x80cm (qty: 1) from Return #24 ΓÇö not restored to inventory','::1','2026-04-30 06:38:26'),(738,3,'stock_movement','Damaged product recorded: Porcelain Floor Tile 60x60cm (qty: 1) from Return #24 ΓÇö not restored to inventory','::1','2026-04-30 06:38:26'),(739,3,'return_updated','Return request #24 updated to: completed','::1','2026-04-30 06:39:30'),(740,3,'return_updated','Payment for Order #71 marked as refunded (Return #24)','::1','2026-04-30 06:39:30'),(741,31,'user_login','User logged in: markandreyperez@gmail.com','::1','2026-04-30 13:25:37'),(742,3,'user_login','Staff logged in: staff@southdev.com','::1','2026-04-30 13:25:59'),(743,31,'order_created','Order #72 placed via qrph, total: Γé▒940.00','::1','2026-04-30 13:37:00'),(744,31,'payment_processed','QRPh checkout session created for Order #SHD-20260430-C07FCC (Γé▒940.00)','::1','2026-04-30 13:37:01'),(745,31,'order_created','Order #73 placed via gcash, total: Γé▒185.00','::1','2026-04-30 13:44:51'),(746,31,'payment_processed','GCASH checkout session created for Order #SHD-20260430-38061C (Γé▒185.00)','::1','2026-04-30 13:44:52'),(747,31,'order_cancelled','Order #72 (SHD-20260430-C07FCC) cancelled by customer. Stock restored.','::1','2026-04-30 13:46:31'),(748,31,'order_cancelled','Order #73 (SHD-20260430-38061C) cancelled by customer. Stock restored.','::1','2026-04-30 13:46:37'),(749,31,'order_created','Order #74 placed via card, total: Γé▒1,915.00','::1','2026-04-30 13:47:04'),(750,31,'payment_processed','CARD checkout session created for Order #SHD-20260430-8ED7D1 (Γé▒1,915.00)','::1','2026-04-30 13:47:06'),(751,3,'order_status_updated','Order #74 status changed to: delivered','::1','2026-04-30 15:12:05'),(752,3,'user_logout','User logged out','::1','2026-04-30 15:26:34'),(753,1,'user_login','Staff logged in: admin@southdev.com','127.0.0.1','2026-04-30 17:10:56'),(754,1,'user_login','Staff logged in: admin@southdev.com','127.0.0.1','2026-04-30 17:11:12'),(755,3,'user_login','Staff logged in: staff@southdev.com','127.0.0.1','2026-04-30 17:11:26'),(756,2,'user_login','User logged in: customer@southdev.com','127.0.0.1','2026-04-30 17:12:24'),(757,2,'user_login','User logged in: customer@southdev.com','127.0.0.1','2026-04-30 17:12:35'),(758,31,'user_login','User logged in: markandreyperez@gmail.com','::1','2026-05-01 05:40:31'),(759,31,'user_login','User logged in: markandreyperez@gmail.com','::1','2026-05-01 14:03:47'),(760,31,'user_logout','User logged out','::1','2026-05-01 14:06:50'),(761,31,'user_login','User logged in: markandreyperez@gmail.com','::1','2026-05-01 14:26:14'),(762,3,'user_login','Staff logged in: staff@southdev.com','::1','2026-05-01 14:28:12'),(763,3,'stock_added','Added 50 units to Circuit Breaker 30A (ID #15). Reason: for testing you know to know the logic!','::1','2026-05-01 14:40:47'),(764,31,'order_created','Order #75 placed via qrph, total: Γé▒1,900.00','::1','2026-05-01 14:47:07'),(765,31,'payment_processed','QRPh checkout session created for Order #SHD-20260501-B2DF8B (Γé▒1,900.00)','::1','2026-05-01 14:47:08'),(766,3,'order_status_updated','Order #75 status changed to: delivered','::1','2026-05-01 14:47:50'),(767,31,'order_created','Order #76 placed via qrph, total: Γé▒3,250.00','::1','2026-05-01 15:11:43'),(768,31,'payment_processed','QRPh checkout session created for Order #SHD-20260501-F3C93B (Γé▒3,250.00)','::1','2026-05-01 15:11:44'),(769,31,'order_created','Order #77 placed via card, total: Γé▒830.00','::1','2026-05-01 15:15:06'),(770,31,'payment_processed','CARD checkout session created for Order #SHD-20260501-A2DF07 (Γé▒830.00)','::1','2026-05-01 15:15:07'),(771,3,'order_status_updated','Order #77 status changed to: delivered','::1','2026-05-01 15:18:05'),(772,31,'order_created','Order #78 placed via gcash, total: Γé▒2,570.00','::1','2026-05-01 15:18:42'),(773,31,'payment_processed','GCASH checkout session created for Order #SHD-20260501-24852B (Γé▒2,570.00)','::1','2026-05-01 15:18:43'),(774,31,'order_cancelled','Order #78 (SHD-20260501-24852B) cancelled by customer. Stock restored.','::1','2026-05-01 15:19:39'),(775,31,'order_created','Order #79 placed via cod, total: Γé▒2,570.00','::1','2026-05-01 15:20:43'),(776,31,'order_cancelled','Order #79 (SHD-20260501-B0DA06) cancelled by customer. Stock restored.','::1','2026-05-01 15:20:48'),(777,31,'order_created','Order #80 placed via qrph, total: Γé▒2,570.00','::1','2026-05-01 15:21:22'),(778,31,'payment_processed','QRPh checkout session created for Order #SHD-20260501-21C36F (Γé▒2,570.00)','::1','2026-05-01 15:21:24'),(779,31,'order_created','Order #81 placed via qrph, total: Γé▒2,570.00','::1','2026-05-01 15:27:07'),(780,31,'payment_processed','QRPh checkout session created for Order #SHD-20260501-B3BF48 (Γé▒2,570.00)','::1','2026-05-01 15:27:09'),(781,31,'order_created','Order #82 placed via gcash, total: Γé▒3,630.00','::1','2026-05-01 15:27:56'),(782,31,'payment_processed','GCASH checkout session created for Order #SHD-20260501-C3C795 (Γé▒3,630.00)','::1','2026-05-01 15:27:57'),(783,31,'payment_processed','GCASH checkout session created for Order #SHD-20260501-C3C795 (Γé▒3,630.00)','::1','2026-05-01 15:29:48'),(784,31,'order_created','Order #83 placed via gcash, total: Γé▒1,320.00','::1','2026-05-01 15:30:31'),(785,31,'payment_processed','GCASH checkout session created for Order #SHD-20260501-7949C2 (Γé▒1,320.00)','::1','2026-05-01 15:30:33'),(786,31,'order_created','Order #84 placed via gcash, total: Γé▒800.00','::1','2026-05-01 15:31:45'),(787,31,'payment_processed','GCASH checkout session created for Order #SHD-20260501-1E9867 (Γé▒800.00)','::1','2026-05-01 15:31:47'),(788,31,'order_cancelled','Order #82 (SHD-20260501-C3C795) cancelled by customer. Stock restored.','::1','2026-05-01 15:33:14'),(789,3,'order_status_updated','Order #84 status changed to: delivered','::1','2026-05-01 15:33:50'),(790,31,'order_created','Order #85 placed via gcash, total: Γé▒2,570.00','::1','2026-05-01 15:35:04'),(791,31,'payment_processed','GCASH checkout session created for Order #SHD-20260501-83BEC9 (Γé▒2,570.00)','::1','2026-05-01 15:35:05'),(792,31,'order_cancelled','Order #85 (SHD-20260501-83BEC9) cancelled by customer. Stock restored.','::1','2026-05-01 15:36:57'),(793,31,'order_created','Order #86 placed via gcash, total: Γé▒2,570.00','::1','2026-05-01 15:38:41'),(794,31,'payment_processed','GCASH checkout session created for Order #SHD-20260501-1CFB76 (Γé▒2,570.00)','::1','2026-05-01 15:38:43'),(795,31,'order_cancelled','Order #86 (SHD-20260501-1CFB76) cancelled by customer. Stock restored.','::1','2026-05-01 15:40:32'),(796,31,'order_created','Order #87 placed via gcash, total: Γé▒2,080.00','::1','2026-05-01 15:41:37'),(797,31,'payment_processed','GCASH checkout session created for Order #SHD-20260501-19532E (Γé▒2,080.00)','::1','2026-05-01 15:41:40'),(798,31,'order_created','Order #88 placed via cod, total: Γé▒2,570.00','::1','2026-05-01 15:44:26'),(799,31,'order_cancelled','Order #88 (SHD-20260501-AD4061) cancelled by customer. Stock restored.','::1','2026-05-01 15:44:30'),(800,31,'order_created','Order #89 placed via gcash, total: Γé▒7,420.00','::1','2026-05-01 15:44:51'),(801,31,'payment_processed','GCASH checkout session created for Order #SHD-20260501-358412 (Γé▒7,420.00)','::1','2026-05-01 15:45:04'),(802,31,'payment_processed','GCASH checkout session created for Order #SHD-20260501-358412 (Γé▒7,420.00)','::1','2026-05-01 15:45:30'),(803,31,'order_cancelled','Order #89 (SHD-20260501-358412) cancelled by customer. Stock restored.','::1','2026-05-01 15:46:18'),(804,31,'order_created','Order #90 placed via cod, total: Γé▒2,570.00','::1','2026-05-01 15:47:33'),(805,31,'order_cancelled','Order #90 (SHD-20260501-5D93C0) cancelled by customer. Stock restored.','::1','2026-05-01 15:47:36'),(806,31,'order_created','Order #91 placed via card, total: Γé▒4,090.00','::1','2026-05-01 15:48:02'),(807,31,'payment_processed','CARD checkout session created for Order #SHD-20260501-2A58F1 (Γé▒4,090.00)','::1','2026-05-01 15:48:04'),(808,31,'order_created','Order #92 placed via gcash, total: Γé▒4,130.00','::1','2026-05-01 15:49:48'),(809,31,'payment_processed','GCASH checkout session created for Order #SHD-20260501-CDBA16 (Γé▒4,130.00)','::1','2026-05-01 15:49:52'),(810,31,'order_cancelled','Order #91 (SHD-20260501-2A58F1) cancelled by customer. Stock restored.','::1','2026-05-01 15:50:52'),(811,31,'order_created','Order #93 placed via cod, total: Γé▒2,570.00','::1','2026-05-01 15:51:28'),(812,31,'order_cancelled','Order #93 (SHD-20260501-0B9B7C) cancelled by customer. Stock restored.','::1','2026-05-01 15:51:31'),(813,31,'order_created','Order #94 placed via gcash, total: Γé▒955.00','::1','2026-05-01 15:51:56'),(814,31,'payment_processed','GCASH checkout session created for Order #SHD-20260501-C482E4 (Γé▒955.00)','::1','2026-05-01 15:52:00'),(815,3,'order_status_updated','Order #94 status changed to: cancelled','::1','2026-05-01 15:52:42'),(816,3,'order_status_updated','Order #94 status changed to: delivered','::1','2026-05-01 15:52:50'),(817,31,'user_login','User logged in: markandreyperez@gmail.com','::1','2026-05-02 11:31:52'),(818,31,'user_logout','User logged out','::1','2026-05-02 11:31:59'),(819,1,'user_login','Staff logged in: admin@southdev.com','::1','2026-05-02 13:51:00'),(820,1,'user_login','Staff logged in: admin@southdev.com','::1','2026-05-07 13:12:39'),(821,1,'user_logout','User logged out','::1','2026-05-07 13:43:07'),(822,31,'user_login','User logged in: markandreyperez@gmail.com','::1','2026-05-07 13:43:58'),(823,31,'user_logout','User logged out','::1','2026-05-07 13:48:48'),(824,31,'user_login','User logged in: markandreyperez@gmail.com','::1','2026-06-17 01:27:46'),(825,31,'user_login','User logged in: markandreyperez@gmail.com','::1','2026-06-17 01:28:46'),(826,31,'user_logout','User logged out','::1','2026-06-17 05:55:39'),(827,1,'user_login','Staff logged in: admin@southdev.com','::1','2026-06-17 06:10:20'),(828,31,'user_login','User logged in: markandreyperez@gmail.com','::1','2026-06-17 06:11:58'),(829,31,'user_logout','User logged out','::1','2026-06-17 06:21:34'),(830,31,'user_login','User logged in: markandreyperez@gmail.com','::1','2026-06-17 06:28:06'),(831,31,'order_created','Order #95 placed via cod, total: Γé▒3,820.00','::1','2026-06-17 06:29:41'),(832,1,'order_status_updated','Order #95 status changed to: processing','::1','2026-06-17 06:30:24'),(833,31,'cancel_requested','Cancel request submitted for Order #95','::1','2026-06-17 06:31:18'),(834,1,'cancel_rejected','Cancel request #10 rejected.','::1','2026-06-17 06:34:04'),(835,31,'order_created','Order #96 placed via gcash, total: Γé▒420.00','::1','2026-06-17 06:36:56'),(836,31,'payment_processed','Checkout session error: PayMongo Connection Error: Could not resolve host: api.paymongo.com','::1','2026-06-17 06:37:09'),(837,31,'order_created','Order #97 placed via gcash, total: Γé▒900.00','::1','2026-06-17 06:38:22'),(838,31,'payment_processed','Checkout session error: PayMongo Connection Error: Could not resolve host: api.paymongo.com','::1','2026-06-17 06:38:27'),(839,31,'order_created','Order #98 placed via qrph, total: Γé▒1,630.00','::1','2026-06-17 06:39:19'),(840,31,'payment_processed','QRPh checkout error: PayMongo Connection Error: Could not resolve host: api.paymongo.com','::1','2026-06-17 06:39:20'),(841,31,'order_created','Order #99 placed via qrph, total: Γé▒420.00','::1','2026-06-17 06:45:56'),(842,31,'payment_processed','QRPh checkout session created for Order #SHD-20260617-44A360 (Γé▒420.00)','::1','2026-06-17 06:45:57'),(843,1,'user_logout','User logged out','::1','2026-06-17 07:04:09');
/*!40000 ALTER TABLE `logs` ENABLE KEYS */;
UNLOCK TABLES;

--
-- Table structure for table `notifications`
--

DROP TABLE IF EXISTS `notifications`;
/*!40101 SET @saved_cs_client     = @@character_set_client */;
/*!40101 SET character_set_client = utf8 */;
CREATE TABLE `notifications` (
  `id` int(11) NOT NULL AUTO_INCREMENT,
  `user_id` int(11) NOT NULL,
  `title` varchar(255) NOT NULL,
  `message` text NOT NULL,
  `type` varchar(50) NOT NULL DEFAULT 'order',
  `link` varchar(500) DEFAULT NULL,
  `is_read` tinyint(1) NOT NULL DEFAULT 0,
  `created_at` timestamp NOT NULL DEFAULT current_timestamp(),
  PRIMARY KEY (`id`),
  KEY `idx_user_read` (`user_id`,`is_read`),
  KEY `idx_user_created` (`user_id`,`created_at`),
  CONSTRAINT `notifications_ibfk_1` FOREIGN KEY (`user_id`) REFERENCES `users` (`id`) ON DELETE CASCADE
) ENGINE=InnoDB AUTO_INCREMENT=120 DEFAULT CHARSET=utf8mb4 COLLATE=utf8mb4_general_ci;
/*!40101 SET character_set_client = @saved_cs_client */;

--
-- Dumping data for table `notifications`
--

LOCK TABLES `notifications` WRITE;
/*!40000 ALTER TABLE `notifications` DISABLE KEYS */;
INSERT INTO `notifications` VALUES (1,31,'Order Placed','Your order #SHD-20260420-D37D1A has been placed successfully! Total: Γé▒380.00','order_processing','http://localhost/southdev-home-depot/index.php?url=orders/36',1,'2026-04-20 07:35:25'),(2,31,'Order Shipped','Your order #SHD-20260401-19AD89 has been shipped! It\'s on its way.','order_shipped','http://localhost/southdev-home-depot/index.php?url=orders/11',1,'2026-04-20 15:18:59'),(3,31,'Order Delivered','Your order #SHD-20260401-19AD89 has been delivered. Enjoy your purchase!','order_delivered','http://localhost/southdev-home-depot/index.php?url=orders/11',1,'2026-04-20 15:19:03'),(4,31,'Order Placed','Your order #SHD-20260424-C449F8 has been placed successfully! Total: Γé▒2,260.00','order_processing','http://localhost/southdev-home-depot/index.php?url=orders/37',1,'2026-04-23 16:58:04'),(5,31,'Order Placed','Your order #SHD-20260424-3AAD9E has been placed successfully! Total: Γé▒280.00','order_processing','http://localhost/southdev-home-depot/index.php?url=orders/38',1,'2026-04-23 17:07:47'),(6,31,'Order Placed','Your order #SHD-20260424-B0E098 has been placed successfully! Total: Γé▒1,250.00','order_processing','http://localhost/southdev-home-depot/index.php?url=orders/39',1,'2026-04-24 05:29:31'),(7,31,'Order Cancelled','Your order #SHD-20260424-B0E098 has been cancelled. Reason: Cancelled by customer','order_cancelled','http://localhost/southdev-home-depot/index.php?url=orders/39',1,'2026-04-24 05:30:13'),(8,31,'Order Placed','Your order #SHD-20260425-C70F62 has been placed successfully! Total: Γé▒420.00','order_processing','http://localhost/southdev-home-depot/index.php?url=orders/40',1,'2026-04-24 16:58:20'),(9,31,'Order Cancelled','Your order #SHD-20260425-C70F62 has been cancelled. Reason: Cancelled by customer','order_cancelled','http://localhost/southdev-home-depot/index.php?url=orders/40',1,'2026-04-24 16:58:29'),(10,31,'Order Placed','Your order #SHD-20260425-694EF8 has been placed successfully! Total: Γé▒840.00','order_processing','http://localhost/southdev-home-depot/index.php?url=orders/41',1,'2026-04-24 17:01:42'),(11,31,'Order Delivered','Your order #SHD-20260425-694EF8 has been delivered. Enjoy your purchase!','order_delivered','http://localhost/southdev-home-depot/index.php?url=orders/41',1,'2026-04-24 17:06:15'),(12,31,'Order Placed','Your order #SHD-20260425-F73D7D has been placed successfully! Total: Γé▒420.00','order_processing','http://localhost/southdev-home-depot/index.php?url=orders/42',1,'2026-04-24 17:07:43'),(13,31,'Order Cancelled','Your order #SHD-20260425-F73D7D has been cancelled. Reason: Cancelled by customer','order_cancelled','http://localhost/southdev-home-depot/index.php?url=orders/42',1,'2026-04-24 17:08:19'),(14,31,'Order Placed','Your order #SHD-20260426-5EF1F8 has been placed successfully! Total: Γé▒2,570.00','order_processing','http://localhost/southdev-home-depot/index.php?url=orders/43',1,'2026-04-26 14:06:30'),(15,31,'Order Placed','Your order #SHD-20260426-B3F60B has been placed successfully! Total: Γé▒280.00','order_processing','http://localhost/southdev-home-depot/index.php?url=orders/44',1,'2026-04-26 14:08:11'),(16,31,'Order Cancelled','Your order #SHD-20260426-B3F60B has been cancelled. Reason: Cancelled by customer','order_cancelled','http://localhost/southdev-home-depot/index.php?url=orders/44',1,'2026-04-26 14:14:09'),(17,31,'Order Placed','Your order #SHD-20260426-D1AFA2 has been placed successfully! Total: Γé▒280.00','order_processing','http://localhost/southdev-home-depot/index.php?url=orders/45',1,'2026-04-26 14:14:37'),(18,31,'Order Placed','Your order #SHD-20260426-62E27F has been placed successfully! Total: Γé▒420.00','order_processing','http://localhost/southdev-home-depot/index.php?url=orders/46',1,'2026-04-26 14:41:58'),(19,31,'Order Placed','Your order #SHD-20260426-96890B has been placed successfully! Total: Γé▒520.00','order_processing','http://localhost/southdev-home-depot/index.php?url=orders/47',1,'2026-04-26 14:52:57'),(20,31,'Order Placed','Your order #SHD-20260426-1C2B28 has been placed successfully! Total: Γé▒520.00','order_processing','http://localhost/southdev-home-depot/index.php?url=orders/48',1,'2026-04-26 14:58:41'),(21,31,'Order Cancelled','Your order #SHD-20260426-1C2B28 has been cancelled. Reason: Cancelled by customer','order_cancelled','http://localhost/southdev-home-depot/index.php?url=orders/48',1,'2026-04-26 14:58:49'),(22,31,'Order Placed','Your order #SHD-20260426-C30B76 has been placed successfully! Total: Γé▒420.00','order_processing','http://localhost/southdev-home-depot/index.php?url=orders/49',1,'2026-04-26 14:59:24'),(23,31,'Order Placed','Your order #SHD-20260426-FE4239 has been placed successfully! Total: Γé▒420.00','order_processing','http://localhost/southdev-home-depot/index.php?url=orders/50',1,'2026-04-26 15:11:43'),(24,31,'Order Cancelled','Your order #SHD-20260426-FE4239 has been cancelled. Reason: Cancelled by customer','order_cancelled','http://localhost/southdev-home-depot/index.php?url=orders/50',1,'2026-04-26 15:11:47'),(25,31,'Order Placed','Your order #SHD-20260426-40E86C has been placed successfully! Total: Γé▒280.00','order_processing','http://localhost/southdev-home-depot/index.php?url=orders/51',1,'2026-04-26 15:12:20'),(26,31,'Order Placed','Your order #SHD-20260426-CB5833 has been placed successfully! Total: Γé▒420.00','order_processing','http://localhost/southdev-home-depot/index.php?url=orders/52',1,'2026-04-26 15:23:40'),(27,31,'Order Delivered','Your order #SHD-20260426-CB5833 has been delivered. Enjoy your purchase!','order_delivered','http://localhost/southdev-home-depot/index.php?url=orders/52',1,'2026-04-29 06:54:07'),(28,31,'Order Delivered','Your order #SHD-20260426-40E86C has been delivered. Enjoy your purchase!','order_delivered','http://localhost/southdev-home-depot/index.php?url=orders/51',1,'2026-04-29 06:54:29'),(29,31,'Return Requested','Your return request for order #SHD-20260426-40E86C has been submitted and is awaiting review.','return_requested','http://localhost/southdev-home-depot/index.php?url=orders/51',1,'2026-04-29 08:12:18'),(30,31,'Return Approved','Your return request for order #SHD-20260426-40E86C has been approved.','return_approved','http://localhost/southdev-home-depot/index.php?url=orders/51',1,'2026-04-29 08:13:16'),(31,31,'Return Completed','Your return for order #SHD-20260426-40E86C has been completed and a refund is being processed.','return_completed','http://localhost/southdev-home-depot/index.php?url=orders/51',1,'2026-04-29 08:13:57'),(32,31,'Order Placed','Your order #SHD-20260430-DB9CF8 has been placed successfully! Total: Γé▒9,260.00','order_processing','http://localhost/southdev-home-depot/index.php?url=orders/53',1,'2026-04-30 04:50:53'),(33,31,'Order Cancelled','Your order #SHD-20260430-DB9CF8 has been cancelled. Reason: Cancelled by customer','order_cancelled','http://localhost/southdev-home-depot/index.php?url=orders/53',1,'2026-04-30 04:51:09'),(34,31,'Order Placed','Your order #SHD-20260430-55C5A7 has been placed successfully! Total: Γé▒1,040.00','order_processing','http://localhost/southdev-home-depot/index.php?url=orders/54',1,'2026-04-30 04:52:53'),(35,31,'Order Cancelled','Your order #SHD-20260430-55C5A7 has been cancelled. Reason: Cancelled by customer','order_cancelled','http://localhost/southdev-home-depot/index.php?url=orders/54',1,'2026-04-30 04:54:21'),(36,31,'Order Cancelled','Your order #SHD-20260426-C30B76 has been cancelled. Reason: Cancelled by customer','order_cancelled','http://localhost/southdev-home-depot/index.php?url=orders/49',1,'2026-04-30 04:54:40'),(37,31,'Order Cancelled','Your order #SHD-20260426-96890B has been cancelled. Reason: Cancelled by customer','order_cancelled','http://localhost/southdev-home-depot/index.php?url=orders/47',1,'2026-04-30 04:54:48'),(38,31,'Order Cancelled','Your order #SHD-20260426-62E27F has been cancelled. Reason: Cancelled by customer','order_cancelled','http://localhost/southdev-home-depot/index.php?url=orders/46',1,'2026-04-30 04:55:06'),(39,31,'Order Cancelled','Your order #SHD-20260426-D1AFA2 has been cancelled. Reason: Cancelled by customer','order_cancelled','http://localhost/southdev-home-depot/index.php?url=orders/45',1,'2026-04-30 04:55:14'),(40,31,'Order Cancelled','Your order #SHD-20260426-5EF1F8 has been cancelled. Reason: Cancelled by customer','order_cancelled','http://localhost/southdev-home-depot/index.php?url=orders/43',1,'2026-04-30 04:55:23'),(41,31,'Order Placed','Your order #SHD-20260430-2634AC has been placed successfully! Total: Γé▒420.00','order_processing','http://localhost/southdev-home-depot/index.php?url=orders/55',1,'2026-04-30 04:56:02'),(42,31,'Order Cancelled','Your order #SHD-20260430-2634AC has been cancelled. Reason: Cancelled by customer','order_cancelled','http://localhost/southdev-home-depot/index.php?url=orders/55',1,'2026-04-30 04:59:07'),(43,31,'Order Placed','Your order #SHD-20260430-176FBC has been placed successfully! Total: Γé▒520.00','order_processing','http://localhost/southdev-home-depot/index.php?url=orders/56',1,'2026-04-30 04:59:30'),(44,31,'Order Cancelled','Your order #SHD-20260430-176FBC has been cancelled. Reason: Cancelled by customer','order_cancelled','http://localhost/southdev-home-depot/index.php?url=orders/56',1,'2026-04-30 04:59:49'),(45,31,'Order Placed','Your order #SHD-20260430-EAEC87 has been placed successfully! Total: Γé▒280.00','order_processing','http://localhost/southdev-home-depot/index.php?url=orders/57',1,'2026-04-30 05:00:14'),(46,31,'Order Cancelled','Your order #SHD-20260430-EAEC87 has been cancelled. Reason: Cancelled by customer','order_cancelled','http://localhost/southdev-home-depot/index.php?url=orders/57',1,'2026-04-30 05:00:21'),(47,31,'Order Placed','Your order #SHD-20260430-76140C has been placed successfully! Total: Γé▒520.00','order_processing','http://localhost/southdev-home-depot/index.php?url=orders/58',1,'2026-04-30 05:02:47'),(48,31,'Order Cancelled','Your order #SHD-20260430-76140C has been cancelled. Reason: Cancelled by customer','order_cancelled','http://localhost/southdev-home-depot/index.php?url=orders/58',1,'2026-04-30 05:10:34'),(49,31,'Order Placed','Your order #SHD-20260430-694B17 has been placed successfully! Total: Γé▒1,260.00','order_processing','http://localhost/southdev-home-depot/index.php?url=orders/59',1,'2026-04-30 05:11:02'),(50,31,'Order Cancelled','Your order #SHD-20260430-694B17 has been cancelled. Reason: Cancelled by customer','order_cancelled','http://localhost/southdev-home-depot/index.php?url=orders/59',1,'2026-04-30 05:14:34'),(51,31,'Order Placed','Your order #SHD-20260430-3A4A7E has been placed successfully! Total: Γé▒420.00','order_processing','http://localhost/southdev-home-depot/index.php?url=orders/60',1,'2026-04-30 05:14:59'),(52,31,'Order Cancelled','Your order #SHD-20260430-3A4A7E has been cancelled. Reason: Cancelled by customer','order_cancelled','http://localhost/southdev-home-depot/index.php?url=orders/60',1,'2026-04-30 05:19:17'),(53,31,'Order Placed','Your order #SHD-20260430-83309B has been placed successfully! Total: Γé▒840.00','order_processing','http://localhost/southdev-home-depot/index.php?url=orders/61',1,'2026-04-30 05:20:08'),(54,31,'Order Cancelled','Your order #SHD-20260430-83309B has been cancelled. Reason: Cancelled by customer','order_cancelled','http://localhost/southdev-home-depot/index.php?url=orders/61',1,'2026-04-30 05:22:48'),(55,31,'Order Placed','Your order #SHD-20260430-7142D5 has been placed successfully! Total: Γé▒760.00','order_processing','http://localhost/southdev-home-depot/index.php?url=orders/62',1,'2026-04-30 05:24:07'),(56,31,'Order Placed','Your order #SHD-20260430-5809AF has been placed successfully! Total: Γé▒420.00','order_processing','http://localhost/southdev-home-depot/index.php?url=orders/63',1,'2026-04-30 05:29:25'),(57,31,'Order Cancelled','Your order #SHD-20260430-5809AF has been cancelled. Reason: Cancelled by customer','order_cancelled','http://localhost/southdev-home-depot/index.php?url=orders/63',1,'2026-04-30 05:33:56'),(58,31,'Order Placed','Your order #SHD-20260430-133931 has been placed successfully! Total: Γé▒1,040.00','order_processing','http://localhost/southdev-home-depot/index.php?url=orders/64',1,'2026-04-30 05:35:13'),(59,31,'Order Placed','Your order #SHD-20260430-E91703 has been placed successfully! Total: Γé▒1,040.00','order_processing','http://localhost/southdev-home-depot/index.php?url=orders/65',1,'2026-04-30 05:36:14'),(60,31,'Order Placed','Your order #SHD-20260430-C9C498 has been placed successfully! Total: Γé▒900.00','order_processing','http://localhost/southdev-home-depot/index.php?url=orders/66',1,'2026-04-30 05:37:00'),(61,31,'Order Cancelled','Your order #SHD-20260430-C9C498 has been cancelled. Reason: Cancelled by customer','order_cancelled','http://localhost/southdev-home-depot/index.php?url=orders/66',1,'2026-04-30 05:37:57'),(62,31,'Order Placed','Your order #SHD-20260430-41EDFA has been placed successfully! Total: Γé▒840.00','order_processing','http://localhost/southdev-home-depot/index.php?url=orders/67',1,'2026-04-30 05:38:12'),(63,31,'Order Placed','Your order #SHD-20260430-DCA8B0 has been placed successfully! Total: Γé▒840.00','order_processing','http://localhost/southdev-home-depot/index.php?url=orders/68',1,'2026-04-30 05:39:09'),(64,31,'Order Placed','Your order #SHD-20260430-DF2618 has been placed successfully! Total: Γé▒1,260.00','order_processing','http://localhost/southdev-home-depot/index.php?url=orders/69',1,'2026-04-30 05:42:22'),(65,31,'Order Cancelled','Your order #SHD-20260430-DF2618 has been cancelled. Reason: Cancelled by customer','order_cancelled','http://localhost/southdev-home-depot/index.php?url=orders/69',1,'2026-04-30 05:42:46'),(66,31,'Order Placed','Your order #SHD-20260430-0CE361 has been placed successfully! Total: Γé▒3,700.00','order_processing','http://localhost/southdev-home-depot/index.php?url=orders/70',1,'2026-04-30 05:52:48'),(67,31,'Order Delivered','Your order #SHD-20260430-0CE361 has been delivered. Enjoy your purchase!','order_delivered','http://localhost/southdev-home-depot/index.php?url=orders/70',1,'2026-04-30 05:54:58'),(68,31,'Return Requested','Your return request for order #SHD-20260430-0CE361 has been submitted and is awaiting review.','return_requested','http://localhost/southdev-home-depot/index.php?url=orders/70',1,'2026-04-30 06:14:25'),(69,31,'Return Approved','Your return request for order #SHD-20260430-0CE361 has been approved.','return_approved','http://localhost/southdev-home-depot/index.php?url=orders/70',1,'2026-04-30 06:34:17'),(70,31,'Return Completed','Your return for order #SHD-20260430-0CE361 has been completed and a refund is being processed.','return_completed','http://localhost/southdev-home-depot/index.php?url=orders/70',1,'2026-04-30 06:34:59'),(71,31,'Order Placed','Your order #SHD-20260430-D71107 has been placed successfully! Total: Γé▒3,485.00','order_processing','http://localhost/southdev-home-depot/index.php?url=orders/71',1,'2026-04-30 06:35:41'),(72,31,'Order Delivered','Your order #SHD-20260430-D71107 has been delivered. Enjoy your purchase!','order_delivered','http://localhost/southdev-home-depot/index.php?url=orders/71',1,'2026-04-30 06:36:18'),(73,31,'Return Requested','Your return request for order #SHD-20260430-D71107 has been submitted and is awaiting review.','return_requested','http://localhost/southdev-home-depot/index.php?url=orders/71',1,'2026-04-30 06:36:54'),(74,31,'Return Approved','Your return request for order #SHD-20260430-D71107 has been approved.','return_approved','http://localhost/southdev-home-depot/index.php?url=orders/71',1,'2026-04-30 06:38:26'),(75,31,'Return Completed','Your return for order #SHD-20260430-D71107 has been completed and a refund is being processed.','return_completed','http://localhost/southdev-home-depot/index.php?url=orders/71',1,'2026-04-30 06:39:30'),(76,31,'Order Placed','Your order #SHD-20260430-C07FCC has been placed successfully! Total: Γé▒940.00','order_processing','http://localhost/southdev-home-depot/index.php?url=orders/72',1,'2026-04-30 13:37:00'),(77,31,'Order Placed','Your order #SHD-20260430-38061C has been placed successfully! Total: Γé▒185.00','order_processing','http://localhost/southdev-home-depot/index.php?url=orders/73',1,'2026-04-30 13:44:51'),(78,31,'Order Cancelled','Your order #SHD-20260430-C07FCC has been cancelled. Reason: Cancelled by customer','order_cancelled','http://localhost/southdev-home-depot/index.php?url=orders/72',1,'2026-04-30 13:46:31'),(79,31,'Order Cancelled','Your order #SHD-20260430-38061C has been cancelled. Reason: Cancelled by customer','order_cancelled','http://localhost/southdev-home-depot/index.php?url=orders/73',1,'2026-04-30 13:46:37'),(80,31,'Order Placed','Your order #SHD-20260430-8ED7D1 has been placed successfully! Total: Γé▒1,915.00','order_processing','http://localhost/southdev-home-depot/index.php?url=orders/74',1,'2026-04-30 13:47:05'),(81,31,'Order Delivered','Your order #SHD-20260430-8ED7D1 has been delivered. Enjoy your purchase!','order_delivered','http://localhost/southdev-home-depot/index.php?url=orders/74',1,'2026-04-30 15:12:05'),(82,31,'Order Placed','Your order #SHD-20260501-B2DF8B has been placed successfully! Total: Γé▒1,900.00','order_processing','http://localhost/southdev-home-depot/index.php?url=orders/75',1,'2026-05-01 14:47:07'),(83,31,'Order Delivered','Your order #SHD-20260501-B2DF8B has been delivered. Enjoy your purchase!','order_delivered','http://localhost/southdev-home-depot/index.php?url=orders/75',1,'2026-05-01 14:47:50'),(84,31,'Order Placed','Your order #SHD-20260501-F3C93B has been placed successfully! Total: Γé▒3,250.00','order_processing','http://localhost/southdev-home-depot/index.php?url=orders/76',1,'2026-05-01 15:11:43'),(85,31,'Order Placed','Your order #SHD-20260501-A2DF07 has been placed successfully! Total: Γé▒830.00','order_processing','http://localhost/southdev-home-depot/index.php?url=orders/77',1,'2026-05-01 15:15:06'),(86,31,'Order Delivered','Your order #SHD-20260501-A2DF07 has been delivered. Enjoy your purchase!','order_delivered','http://localhost/southdev-home-depot/index.php?url=orders/77',1,'2026-05-01 15:18:05'),(87,31,'Awaiting Payment','Your order #SHD-20260501-24852B has been received. Please complete your payment to confirm. Total: Γé▒2,570.00','order_processing','http://localhost/southdev-home-depot/index.php?url=orders/78',1,'2026-05-01 15:18:42'),(88,31,'Order Cancelled','Your order #SHD-20260501-24852B has been cancelled. Reason: Cancelled by customer','order_cancelled','http://localhost/southdev-home-depot/index.php?url=orders/78',1,'2026-05-01 15:19:39'),(89,31,'Order Placed','Your order #SHD-20260501-B0DA06 has been placed successfully! Total: Γé▒2,570.00','order_processing','http://localhost/southdev-home-depot/index.php?url=orders/79',1,'2026-05-01 15:20:43'),(90,31,'Order Cancelled','Your order #SHD-20260501-B0DA06 has been cancelled. Reason: Cancelled by customer','order_cancelled','http://localhost/southdev-home-depot/index.php?url=orders/79',1,'2026-05-01 15:20:48'),(91,31,'Awaiting Payment','Your order #SHD-20260501-21C36F has been received. Please complete your payment to confirm. Total: Γé▒2,570.00','order_processing','http://localhost/southdev-home-depot/index.php?url=orders/80',1,'2026-05-01 15:21:22'),(92,31,'Order Cancelled','Your order #SHD-20260501-B3BF48 was cancelled because the payment failed or was not completed.','order_cancelled','http://localhost/southdev-home-depot/index.php?url=orders/81',1,'2026-05-01 15:27:24'),(93,31,'Order Cancelled','Your order #SHD-20260501-7949C2 was cancelled because the payment failed or was not completed.','order_cancelled','http://localhost/southdev-home-depot/index.php?url=orders/83',1,'2026-05-01 15:30:55'),(94,31,'Order Placed','Your order #SHD-20260501-1E9867 has been placed successfully! Total: Γé▒800.00','order_processing','http://localhost/southdev-home-depot/index.php?url=orders/84',1,'2026-05-01 15:32:03'),(95,31,'Order Cancelled','Your order #SHD-20260501-C3C795 has been cancelled. Reason: Cancelled by customer','order_cancelled','http://localhost/southdev-home-depot/index.php?url=orders/82',1,'2026-05-01 15:33:14'),(96,31,'Order Delivered','Your order #SHD-20260501-1E9867 has been delivered. Enjoy your purchase!','order_delivered','http://localhost/southdev-home-depot/index.php?url=orders/84',1,'2026-05-01 15:33:50'),(97,31,'Order Cancelled','Your order #SHD-20260501-83BEC9 has been cancelled. Reason: Cancelled by customer','order_cancelled','http://localhost/southdev-home-depot/index.php?url=orders/85',1,'2026-05-01 15:36:57'),(98,31,'Order Cancelled','Your order #SHD-20260501-1CFB76 has been cancelled. Reason: Cancelled by customer','order_cancelled','http://localhost/southdev-home-depot/index.php?url=orders/86',1,'2026-05-01 15:40:32'),(99,31,'Order Cancelled','Your order #SHD-20260501-19532E was cancelled because the payment failed or was not completed.','order_cancelled','http://localhost/southdev-home-depot/index.php?url=orders/87',1,'2026-05-01 15:43:11'),(100,31,'Order Placed','Your order #SHD-20260501-AD4061 has been placed successfully! Total: Γé▒2,570.00','order_processing','http://localhost/southdev-home-depot/index.php?url=orders/88',1,'2026-05-01 15:44:26'),(101,31,'Order Cancelled','Your order #SHD-20260501-AD4061 has been cancelled. Reason: Cancelled by customer','order_cancelled','http://localhost/southdev-home-depot/index.php?url=orders/88',1,'2026-05-01 15:44:30'),(102,31,'Order Cancelled','Your order #SHD-20260501-358412 has been cancelled. Reason: Cancelled by customer','order_cancelled','http://localhost/southdev-home-depot/index.php?url=orders/89',1,'2026-05-01 15:46:18'),(103,31,'Order Placed','Your order #SHD-20260501-5D93C0 has been placed successfully! Total: Γé▒2,570.00','order_processing','http://localhost/southdev-home-depot/index.php?url=orders/90',1,'2026-05-01 15:47:33'),(104,31,'Order Cancelled','Your order #SHD-20260501-5D93C0 has been cancelled. Reason: Cancelled by customer','order_cancelled','http://localhost/southdev-home-depot/index.php?url=orders/90',1,'2026-05-01 15:47:36'),(105,31,'Order Placed','Your order #SHD-20260501-2A58F1 has been placed successfully! Total: Γé▒4,090.00','order_processing','http://localhost/southdev-home-depot/index.php?url=orders/91',1,'2026-05-01 15:49:01'),(106,31,'Order Cancelled','Your order #SHD-20260501-CDBA16 was cancelled because the payment failed or was not completed.','order_cancelled','http://localhost/southdev-home-depot/index.php?url=orders/92',1,'2026-05-01 15:50:37'),(107,31,'Order Cancelled','Your order #SHD-20260501-2A58F1 has been cancelled. Reason: Cancelled by customer','order_cancelled','http://localhost/southdev-home-depot/index.php?url=orders/91',1,'2026-05-01 15:50:52'),(108,31,'Order Placed','Your order #SHD-20260501-0B9B7C has been placed successfully! Total: Γé▒2,570.00','order_processing','http://localhost/southdev-home-depot/index.php?url=orders/93',1,'2026-05-01 15:51:28'),(109,31,'Order Cancelled','Your order #SHD-20260501-0B9B7C has been cancelled. Reason: Cancelled by customer','order_cancelled','http://localhost/southdev-home-depot/index.php?url=orders/93',1,'2026-05-01 15:51:31'),(110,31,'Order Cancelled','Your order #SHD-20260501-C482E4 has been cancelled.','order_cancelled','http://localhost/southdev-home-depot/index.php?url=orders/94',1,'2026-05-01 15:52:42'),(111,31,'Order Delivered','Your order #SHD-20260501-C482E4 has been delivered. Enjoy your purchase!','order_delivered','http://localhost/southdev-home-depot/index.php?url=orders/94',1,'2026-05-01 15:52:50'),(112,31,'Order Placed','Your order #SHD-20260617-57584D has been placed successfully! Total: Γé▒3,820.00','order_processing','http://localhost/southdev-home-depot/index.php?url=orders/95',0,'2026-06-17 06:29:41'),(113,31,'Order Confirmed','Your order #SHD-20260617-57584D has been confirmed and is being processed.','order_processing','http://localhost/southdev-home-depot/index.php?url=orders/95',0,'2026-06-17 06:30:24'),(114,31,'Cancellation Requested','Your cancellation request for order #SHD-20260617-57584D has been submitted and is awaiting approval.','cancel_requested','http://localhost/southdev-home-depot/index.php?url=orders/95',0,'2026-06-17 06:31:18'),(115,31,'Cancellation Rejected','Your cancellation request for order #SHD-20260617-57584D has been rejected. Reason: the order is on the way you can request refund instead','cancel_rejected','http://localhost/southdev-home-depot/index.php?url=orders/95',0,'2026-06-17 06:34:04'),(116,31,'Order Cancelled','Your order #SHD-20260617-80BE2F was cancelled because the payment failed or was not completed.','order_cancelled','http://localhost/southdev-home-depot/index.php?url=orders/96',0,'2026-06-17 06:37:18'),(117,31,'Order Cancelled','Your order #SHD-20260617-E350F3 was cancelled because the payment failed or was not completed.','order_cancelled','http://localhost/southdev-home-depot/index.php?url=orders/97',0,'2026-06-17 06:38:37'),(118,31,'Order Cancelled','Your order #SHD-20260617-7E7CB6 was cancelled because the payment failed or was not completed.','order_cancelled','http://localhost/southdev-home-depot/index.php?url=orders/98',0,'2026-06-17 06:39:36'),(119,31,'Order Cancelled','Your order #SHD-20260617-44A360 was cancelled because the payment failed or was not completed.','order_cancelled','http://localhost/southdev-home-depot/index.php?url=orders/99',0,'2026-06-17 06:50:01');
/*!40000 ALTER TABLE `notifications` ENABLE KEYS */;
UNLOCK TABLES;

--
-- Table structure for table `order_items`
--

DROP TABLE IF EXISTS `order_items`;
/*!40101 SET @saved_cs_client     = @@character_set_client */;
/*!40101 SET character_set_client = utf8 */;
CREATE TABLE `order_items` (
  `id` int(11) NOT NULL AUTO_INCREMENT,
  `order_id` int(11) NOT NULL,
  `product_id` int(11) NOT NULL,
  `quantity` int(11) NOT NULL,
  `price` decimal(10,2) NOT NULL,
  `subtotal` decimal(10,2) NOT NULL,
  PRIMARY KEY (`id`),
  KEY `order_id` (`order_id`),
  KEY `product_id` (`product_id`),
  CONSTRAINT `order_items_ibfk_1` FOREIGN KEY (`order_id`) REFERENCES `orders` (`id`),
  CONSTRAINT `order_items_ibfk_2` FOREIGN KEY (`product_id`) REFERENCES `products` (`id`)
) ENGINE=InnoDB AUTO_INCREMENT=184 DEFAULT CHARSET=utf8mb4 COLLATE=utf8mb4_general_ci;
/*!40101 SET character_set_client = @saved_cs_client */;

--
-- Dumping data for table `order_items`
--

LOCK TABLES `order_items` WRITE;
/*!40000 ALTER TABLE `order_items` DISABLE KEYS */;
INSERT INTO `order_items` VALUES (2,2,20,1,520.00,520.00),(3,3,2,1,185.00,185.00),(4,4,19,5,850.00,4250.00),(5,5,10,1,65.00,65.00),(6,6,3,1,320.00,320.00),(7,7,10,1,65.00,65.00),(8,8,3,1,320.00,320.00),(9,8,20,1,520.00,520.00),(10,9,3,1,320.00,320.00),(11,9,2,1,185.00,185.00),(12,9,20,1,520.00,520.00),(13,10,9,1,4200.00,4200.00),(14,10,8,1,195.00,195.00),(15,11,3,1,320.00,320.00),(16,11,2,1,185.00,185.00),(17,11,21,1,380.00,380.00),(18,12,19,1,375.00,375.00),(19,13,20,1,520.00,520.00),(20,14,19,1,375.00,375.00),(21,15,19,1,375.00,375.00),(22,16,19,1,375.00,375.00),(23,17,20,1,520.00,520.00),(24,18,21,1,380.00,380.00),(25,19,21,1,380.00,380.00),(26,20,22,1,1250.00,1250.00),(27,21,19,1,375.00,375.00),(28,22,19,1,375.00,375.00),(29,23,1,1,450.00,450.00),(30,24,21,1,380.00,380.00),(31,25,20,1,520.00,520.00),(32,26,21,1,380.00,380.00),(33,27,21,1,380.00,380.00),(34,28,23,2,450.00,900.00),(35,28,20,2,520.00,1040.00),(36,28,21,1,380.00,380.00),(37,28,19,2,420.00,840.00),(38,29,19,1,420.00,420.00),(39,30,4,1,280.00,280.00),(40,31,4,1,280.00,280.00),(41,32,21,1,380.00,380.00),(42,33,4,1,280.00,280.00),(43,34,19,1,420.00,420.00),(44,35,20,1,520.00,520.00),(45,36,21,1,380.00,380.00),(46,37,21,1,380.00,380.00),(47,37,20,2,520.00,1040.00),(48,37,19,2,420.00,840.00),(49,38,4,1,280.00,280.00),(50,39,5,1,1250.00,1250.00),(51,40,19,1,420.00,420.00),(52,41,19,2,420.00,840.00),(53,42,19,1,420.00,420.00),(54,43,22,1,1250.00,1250.00),(55,43,20,1,520.00,520.00),(56,43,21,1,380.00,380.00),(57,43,19,1,420.00,420.00),(58,44,4,1,280.00,280.00),(59,45,4,1,280.00,280.00),(60,46,19,1,420.00,420.00),(61,47,20,1,520.00,520.00),(62,48,20,1,520.00,520.00),(63,49,19,1,420.00,420.00),(64,50,19,1,420.00,420.00),(65,51,4,1,280.00,280.00),(66,52,19,1,420.00,420.00),(67,53,22,2,1250.00,2500.00),(68,53,21,6,380.00,2280.00),(69,53,20,7,520.00,3640.00),(70,53,19,2,420.00,840.00),(71,54,20,2,520.00,1040.00),(72,55,19,1,420.00,420.00),(73,56,20,1,520.00,520.00),(74,57,4,1,280.00,280.00),(75,58,20,1,520.00,520.00),(76,59,19,3,420.00,1260.00),(77,60,19,1,420.00,420.00),(78,61,19,2,420.00,840.00),(79,62,21,2,380.00,760.00),(80,63,19,1,420.00,420.00),(81,64,20,2,520.00,1040.00),(82,65,20,2,520.00,1040.00),(83,66,20,1,520.00,520.00),(84,66,21,1,380.00,380.00),(85,67,19,2,420.00,840.00),(86,68,19,2,420.00,840.00),(87,69,19,3,420.00,1260.00),(88,70,23,1,450.00,450.00),(89,70,24,1,680.00,680.00),(90,70,21,1,380.00,380.00),(91,70,22,1,1250.00,1250.00),(92,70,19,1,420.00,420.00),(93,70,20,1,520.00,520.00),(94,71,25,1,720.00,720.00),(95,71,26,1,195.00,195.00),(96,71,21,1,380.00,380.00),(97,71,22,1,1250.00,1250.00),(98,71,19,1,420.00,420.00),(99,71,20,1,520.00,520.00),(100,72,20,1,520.00,520.00),(101,72,19,1,420.00,420.00),(102,73,2,1,185.00,185.00),(103,74,11,1,1850.00,1850.00),(104,74,10,1,65.00,65.00),(105,75,19,1,420.00,420.00),(106,75,20,1,520.00,520.00),(107,75,24,1,680.00,680.00),(108,75,4,1,280.00,280.00),(109,76,13,1,2800.00,2800.00),(110,76,14,1,450.00,450.00),(111,77,14,1,450.00,450.00),(112,77,15,1,380.00,380.00),(113,78,22,1,1250.00,1250.00),(114,78,20,1,520.00,520.00),(115,78,21,1,380.00,380.00),(116,78,19,1,420.00,420.00),(117,79,22,1,1250.00,1250.00),(118,79,20,1,520.00,520.00),(119,79,21,1,380.00,380.00),(120,79,19,1,420.00,420.00),(121,80,21,1,380.00,380.00),(122,80,22,1,1250.00,1250.00),(123,80,19,1,420.00,420.00),(124,80,20,1,520.00,520.00),(125,81,20,1,520.00,520.00),(126,81,21,1,380.00,380.00),(127,81,22,1,1250.00,1250.00),(128,81,19,1,420.00,420.00),(129,82,13,1,2800.00,2800.00),(130,82,14,1,450.00,450.00),(131,82,15,1,380.00,380.00),(132,83,20,1,520.00,520.00),(133,83,21,1,380.00,380.00),(134,83,19,1,420.00,420.00),(135,84,21,1,380.00,380.00),(136,84,19,1,420.00,420.00),(137,85,19,1,420.00,420.00),(138,85,22,1,1250.00,1250.00),(139,85,20,1,520.00,520.00),(140,85,21,1,380.00,380.00),(141,86,20,1,520.00,520.00),(142,86,21,1,380.00,380.00),(143,86,22,1,1250.00,1250.00),(144,86,19,1,420.00,420.00),(145,87,21,3,380.00,1140.00),(146,87,19,1,420.00,420.00),(147,87,20,1,520.00,520.00),(148,88,20,1,520.00,520.00),(149,88,21,1,380.00,380.00),(150,88,22,1,1250.00,1250.00),(151,88,19,1,420.00,420.00),(152,89,22,2,1250.00,2500.00),(153,89,21,5,380.00,1900.00),(154,89,19,1,420.00,420.00),(155,89,20,5,520.00,2600.00),(156,90,21,1,380.00,380.00),(157,90,22,1,1250.00,1250.00),(158,90,20,1,520.00,520.00),(159,90,19,1,420.00,420.00),(160,91,21,2,380.00,760.00),(161,91,22,1,1250.00,1250.00),(162,91,20,4,520.00,2080.00),(163,92,22,1,1250.00,1250.00),(164,92,21,1,380.00,380.00),(165,92,19,1,420.00,420.00),(166,92,20,4,520.00,2080.00),(167,93,21,1,380.00,380.00),(168,93,22,1,1250.00,1250.00),(169,93,19,1,420.00,420.00),(170,93,20,1,520.00,520.00),(171,94,2,1,185.00,185.00),(172,94,1,1,450.00,450.00),(173,94,3,1,320.00,320.00),(174,95,22,2,1250.00,2500.00),(175,95,19,1,420.00,420.00),(176,95,20,1,520.00,520.00),(177,95,21,1,380.00,380.00),(178,96,19,1,420.00,420.00),(179,97,21,1,380.00,380.00),(180,97,20,1,520.00,520.00),(181,98,22,1,1250.00,1250.00),(182,98,21,1,380.00,380.00),(183,99,19,1,420.00,420.00);
/*!40000 ALTER TABLE `order_items` ENABLE KEYS */;
UNLOCK TABLES;

--
-- Table structure for table `orders`
--

DROP TABLE IF EXISTS `orders`;
/*!40101 SET @saved_cs_client     = @@character_set_client */;
/*!40101 SET character_set_client = utf8 */;
CREATE TABLE `orders` (
  `id` int(11) NOT NULL AUTO_INCREMENT,
  `user_id` int(11) NOT NULL,
  `order_number` varchar(50) NOT NULL,
  `total_amount` decimal(10,2) NOT NULL,
  `status` enum('pending','processing','shipped','delivered','cancelled') DEFAULT 'pending',
  `shipping_address` text NOT NULL,
  `shipping_city` varchar(100) DEFAULT NULL,
  `shipping_state` varchar(100) DEFAULT NULL,
  `shipping_zip` varchar(20) DEFAULT NULL,
  `notes` text DEFAULT NULL,
  `cancel_reason` text DEFAULT NULL,
  `created_at` timestamp NOT NULL DEFAULT current_timestamp(),
  `updated_at` timestamp NOT NULL DEFAULT current_timestamp() ON UPDATE current_timestamp(),
  PRIMARY KEY (`id`),
  UNIQUE KEY `order_number` (`order_number`),
  KEY `user_id` (`user_id`),
  CONSTRAINT `orders_ibfk_1` FOREIGN KEY (`user_id`) REFERENCES `users` (`id`)
) ENGINE=InnoDB AUTO_INCREMENT=100 DEFAULT CHARSET=utf8mb4 COLLATE=utf8mb4_general_ci;
/*!40101 SET character_set_client = @saved_cs_client */;

--
-- Dumping data for table `orders`
--

LOCK TABLES `orders` WRITE;
/*!40000 ALTER TABLE `orders` DISABLE KEYS */;
INSERT INTO `orders` VALUES (2,31,'SHD-20260329-03074D',520.00,'delivered','test, Brgy. Bago Aplaya, Davao City','Davao City','Davao del Sur','8000','',NULL,'2026-03-28 16:55:12','2026-03-28 16:55:33'),(3,31,'SHD-20260329-EB5A28',185.00,'cancelled','test, Brgy. Baliok, Davao City','Davao City','Davao del Sur','8000','','Order placed by mistake','2026-03-28 16:57:18','2026-03-28 16:58:17'),(4,31,'SHD-20260401-E0CDF7',4250.00,'cancelled','TEST, Brgy. Agdao, Davao City','Davao City','Davao del Sur','8000','','Need to change delivery address','2026-04-01 12:24:30','2026-04-01 12:52:05'),(5,31,'SHD-20260401-EE3BFB',65.00,'delivered','test, Brgy. Baliok, Davao City','Davao City','Davao del Sur','8000','',NULL,'2026-04-01 12:52:46','2026-04-01 12:55:10'),(6,31,'SHD-20260401-4B3D8E',320.00,'delivered','ok, Brgy. Baguio, Davao City','Davao City','Davao del Sur','8000','',NULL,'2026-04-01 15:12:52','2026-04-01 15:13:11'),(7,31,'SHD-20260401-4721DD',65.00,'cancelled','test, Brgy. Bangkas Heights, Davao City','Davao City','Davao del Sur','8000','','Wrong products ordered','2026-04-01 15:32:04','2026-04-01 15:32:21'),(8,31,'SHD-20260401-CEBB50',840.00,'cancelled','test, Brgy. Bangkal, Davao City','Davao City','Davao del Sur','8000','','Wrong products ordered','2026-04-01 15:33:32','2026-04-01 15:33:41'),(9,31,'SHD-20260401-65D2A8',1025.00,'cancelled','test, Brgy. Balengaeng, Davao City','Davao City','Davao del Sur','8000','','Need to change delivery address','2026-04-01 15:34:14','2026-04-01 15:44:12'),(10,31,'SHD-20260401-78DD6F',4395.00,'cancelled','test, Brgy. Bangkas Heights, Davao City','Davao City','Davao del Sur','8000','','Wrong products ordered','2026-04-01 15:45:11','2026-04-01 15:48:35'),(11,31,'SHD-20260401-19AD89',885.00,'delivered','ok, Brgy. Bago Gallera, Davao City','Davao City','Davao del Sur','8000','',NULL,'2026-04-01 15:54:09','2026-04-20 15:19:03'),(12,31,'SHD-20260403-22EBC4',375.00,'delivered','test, Brgy. Baguio, Davao City','Davao City','Davao del Sur','8000','',NULL,'2026-04-03 14:56:50','2026-04-03 15:01:42'),(13,31,'SHD-20260403-463812',520.00,'cancelled','test, Brgy. Baracatan, Davao City','Davao City','Davao del Sur','8000','test','Wrong delivery address','2026-04-03 15:08:52','2026-04-03 15:31:34'),(14,31,'SHD-20260403-C2FDCF',375.00,'delivered','test, Brgy. Bago Oshiro, Davao City','Davao City','Davao del Sur','8000','',NULL,'2026-04-03 15:17:00','2026-04-03 15:31:02'),(15,31,'SHD-20260403-E119CD',375.00,'delivered','test, Brgy. Bangkal, Davao City','Davao City','Davao del Sur','8000','',NULL,'2026-04-03 15:32:30','2026-04-03 15:34:07'),(16,31,'SHD-20260404-C58537',375.00,'delivered','test, Brgy. Baliok, Davao City','Davao City','Davao del Sur','8000','',NULL,'2026-04-04 12:19:24','2026-04-04 12:25:46'),(17,31,'SHD-20260404-5B9883',520.00,'delivered','tst, Brgy. Alfonso Angliongto Sr., Davao City','Davao City','Davao del Sur','8000','',NULL,'2026-04-04 12:26:13','2026-04-04 12:26:46'),(18,31,'SHD-20260404-FBF3DB',380.00,'cancelled','test, Brgy. Bangkas Heights, Davao City','Davao City','Davao del Sur','8000','','Wrong products ordered','2026-04-04 12:38:39','2026-04-04 12:43:52'),(19,31,'SHD-20260404-162279',380.00,'cancelled','test, Brgy. Baliok, Davao City','Davao City','Davao del Sur','8000','','Need to change delivery address','2026-04-04 12:44:17','2026-04-04 12:45:46'),(20,31,'SHD-20260404-B64C55',1250.00,'delivered','test, Brgy. Bangkal, Davao City','Davao City','Davao del Sur','8000','',NULL,'2026-04-04 12:46:35','2026-04-04 12:47:10'),(21,31,'SHD-20260404-C6E769',375.00,'delivered','test, Brgy. Bangkal, Davao City','Davao City','Davao del Sur','8000','test',NULL,'2026-04-04 12:48:44','2026-04-04 12:49:01'),(22,31,'SHD-20260404-0D29FE',375.00,'delivered','teest, Brgy. Bangkal, Davao City','Davao City','Davao del Sur','8000','',NULL,'2026-04-04 12:50:08','2026-04-04 12:50:20'),(23,31,'SHD-20260404-CB74B9',450.00,'delivered','test, Brgy. Baliok, Davao City','Davao City','Davao del Sur','8000','',NULL,'2026-04-04 13:01:32','2026-04-04 13:01:42'),(24,31,'SHD-20260404-B4531B',380.00,'delivered','test, Brgy. Baliok, Davao City','Davao City','Davao del Sur','8000','',NULL,'2026-04-04 13:12:59','2026-04-04 13:13:51'),(25,31,'SHD-20260404-ECDCE5',520.00,'delivered','test, Brgy. Balengaeng, Davao City','Davao City','Davao del Sur','8000','',NULL,'2026-04-04 13:16:30','2026-04-04 13:16:41'),(26,31,'SHD-20260404-12721D',380.00,'delivered','resr, Brgy. Bangkal, Davao City','Davao City','Davao del Sur','8000','',NULL,'2026-04-04 13:27:45','2026-04-04 13:28:10'),(27,33,'SHD-20260411-9C0B92',380.00,'delivered','Test, Brgy. Bangkal, Davao City','Davao City','Davao del Sur','8000','',NULL,'2026-04-11 13:52:09','2026-04-18 14:49:43'),(28,31,'SHD-20260420-E8759E',3160.00,'cancelled','Katipunan\r\nKatipunan, Brgy. Balengaeng, Davao City','Davao City','Davao del Sur','','','Need to change delivery address','2026-04-20 02:58:22','2026-04-20 02:58:31'),(29,31,'SHD-20260420-C52375',420.00,'cancelled','Katipunan\r\nKatipunan, Brgy. Alfonso Angliongto Sr., Davao City','Davao City','Davao del Sur','','','Cancelled by customer','2026-04-20 03:02:04','2026-04-20 07:00:40'),(30,31,'SHD-20260420-A66917',280.00,'cancelled','test, Brgy. Balengaeng, Davao City','Davao City','Davao del Sur','8000','','Cancelled by customer','2026-04-20 03:04:10','2026-04-20 07:00:34'),(31,31,'SHD-20260420-422126',280.00,'cancelled','test, Brgy. Balengaeng, Davao City','Davao City','Davao del Sur','8000','','Cancelled by customer','2026-04-20 03:10:28','2026-04-20 07:00:29'),(32,31,'SHD-20260420-9F1D8B',380.00,'cancelled','test, Brgy. Baguio, Davao City','Davao City','Davao del Sur','8000','','Cancelled by customer','2026-04-20 04:08:09','2026-04-20 07:00:22'),(33,31,'SHD-20260420-604101',280.00,'cancelled','test, Brgy. Alejandro Navarro (Linoan), Davao City','Davao City','Davao del Sur','8000','','Cancelled by customer','2026-04-20 04:12:06','2026-04-20 07:00:16'),(34,31,'SHD-20260420-594E98',420.00,'cancelled','test, Brgy. Alambre, Davao City','Davao City','Davao del Sur','8000','','Cancelled by customer','2026-04-20 04:17:25','2026-04-20 06:59:57'),(35,31,'SHD-20260420-49AD90',520.00,'cancelled','test, Brgy. Bago Aplaya, Davao City','Davao City','Davao del Sur','8000','','Payment failed or cancelled by customer','2026-04-20 07:01:40','2026-04-20 07:04:27'),(36,31,'SHD-20260420-D37D1A',380.00,'cancelled','test, Brgy. Bago Gallera, Davao City','Davao City','Davao del Sur','8000','test','Cancelled by customer','2026-04-20 07:35:25','2026-04-20 07:35:46'),(37,31,'SHD-20260424-C449F8',2260.00,'cancelled','test, Brgy. Bantol, Davao City','Davao City','Davao del Sur','8000','','Payment failed or cancelled by customer','2026-04-23 16:58:04','2026-04-23 17:03:59'),(38,31,'SHD-20260424-3AAD9E',280.00,'cancelled','test, Brgy. Baliok, Davao City','Davao City','Davao del Sur','8000','','Payment failed or cancelled by customer','2026-04-23 17:07:47','2026-04-23 17:25:39'),(39,31,'SHD-20260424-B0E098',1250.00,'cancelled','test, Brgy. Bago Oshiro, Davao City','Davao City','Davao del Sur','8000','','Cancelled by customer','2026-04-24 05:29:31','2026-04-24 05:30:13'),(40,31,'SHD-20260425-C70F62',420.00,'cancelled','test, Brgy. Alambre, Davao City','Davao City','Davao del Sur','8000','','Cancelled by customer','2026-04-24 16:58:20','2026-04-24 16:58:29'),(41,31,'SHD-20260425-694EF8',840.00,'delivered','test, Brgy. Alejandro Navarro (Linoan), Davao City','Davao City','Davao del Sur','8000','',NULL,'2026-04-24 17:01:42','2026-04-24 17:06:15'),(42,31,'SHD-20260425-F73D7D',420.00,'cancelled','test, Brgy. Angalan, Davao City','Davao City','Davao del Sur','8000','','Cancelled by customer','2026-04-24 17:07:43','2026-04-24 17:08:19'),(43,31,'SHD-20260426-5EF1F8',2570.00,'cancelled','Ako ay taga planetang mars, Brgy. Alfonso Angliongto Sr., Davao City','Davao City','Davao del Sur','8000','','Cancelled by customer','2026-04-26 14:06:29','2026-04-30 04:55:23'),(44,31,'SHD-20260426-B3F60B',280.00,'cancelled','Ako ay taga planetang mars, Brgy. Alambre, Davao City','Davao City','Davao del Sur','8000','','Cancelled by customer','2026-04-26 14:08:11','2026-04-26 14:14:08'),(45,31,'SHD-20260426-D1AFA2',280.00,'cancelled','Ako ay taga planetang mars, Brgy. Alambre, Davao City','Davao City','Davao del Sur','8000','','Cancelled by customer','2026-04-26 14:14:37','2026-04-30 04:55:14'),(46,31,'SHD-20260426-62E27F',420.00,'cancelled','Ako ay taga planetang mars, Brgy. Bago Aplaya, Davao City','Davao City','Davao del Sur','8000','','Cancelled by customer','2026-04-26 14:41:58','2026-04-30 04:55:06'),(47,31,'SHD-20260426-96890B',520.00,'cancelled','Ako ay taga planetang mars, Brgy. Alambre, Davao City','Davao City','Davao del Sur','8000','','Cancelled by customer','2026-04-26 14:52:57','2026-04-30 04:54:48'),(48,31,'SHD-20260426-1C2B28',520.00,'cancelled','Ako ay taga planetang mars, Brgy. Alfonso Angliongto Sr., Davao City','Davao City','Davao del Sur','8000','','Cancelled by customer','2026-04-26 14:58:41','2026-04-26 14:58:48'),(49,31,'SHD-20260426-C30B76',420.00,'cancelled','Ako ay taga planetang mars, Brgy. Alfonso Angliongto Sr., Davao City','Davao City','Davao del Sur','8000','','Cancelled by customer','2026-04-26 14:59:24','2026-04-30 04:54:40'),(50,31,'SHD-20260426-FE4239',420.00,'cancelled','Ako ay taga planetang mars, Brgy. Angalan, Davao City','Davao City','Davao del Sur','8000','','Cancelled by customer','2026-04-26 15:11:43','2026-04-26 15:11:47'),(51,31,'SHD-20260426-40E86C',280.00,'delivered','Ako ay taga planetang mars, Brgy. Alambre, Davao City','Davao City','Davao del Sur','8000','',NULL,'2026-04-26 15:12:20','2026-04-29 06:54:29'),(52,31,'SHD-20260426-CB5833',420.00,'delivered','Ako ay taga planetang mars, Brgy. Alejandro Navarro (Linoan), Davao City','Davao City','Davao del Sur','8000','',NULL,'2026-04-26 15:23:40','2026-04-29 06:54:07'),(53,31,'SHD-20260430-DB9CF8',9260.00,'cancelled','Ako ay taga planetang mars, Brgy. Bangkal, Davao City','Davao City','Davao del Sur','8000','','Cancelled by customer','2026-04-30 04:50:53','2026-04-30 04:51:09'),(54,31,'SHD-20260430-55C5A7',1040.00,'cancelled','Ako ay taga planetang mars, Brgy. Alambre, Davao City','Davao City','Davao del Sur','8000','','Cancelled by customer','2026-04-30 04:52:53','2026-04-30 04:54:21'),(55,31,'SHD-20260430-2634AC',420.00,'cancelled','Ako ay taga planetang mars, Brgy. Alambre, Davao City','Davao City','Davao del Sur','8000','','Cancelled by customer','2026-04-30 04:56:02','2026-04-30 04:59:07'),(56,31,'SHD-20260430-176FBC',520.00,'cancelled','Ako ay taga planetang mars, Brgy. Alambre, Davao City','Davao City','Davao del Sur','8000','','Cancelled by customer','2026-04-30 04:59:29','2026-04-30 04:59:49'),(57,31,'SHD-20260430-EAEC87',280.00,'cancelled','Ako ay taga planetang mars, Brgy. Acacia, Davao City','Davao City','Davao del Sur','8000','','Cancelled by customer','2026-04-30 05:00:14','2026-04-30 05:00:21'),(58,31,'SHD-20260430-76140C',520.00,'cancelled','Ako ay taga planetang mars, Brgy. Balengaeng, Davao City','Davao City','Davao del Sur','8000','','Cancelled by customer','2026-04-30 05:02:47','2026-04-30 05:10:34'),(59,31,'SHD-20260430-694B17',1260.00,'cancelled','Ako ay taga planetang mars, Brgy. Alambre, Davao City','Davao City','Davao del Sur','8000','','Cancelled by customer','2026-04-30 05:11:02','2026-04-30 05:14:34'),(60,31,'SHD-20260430-3A4A7E',420.00,'cancelled','Ako ay taga planetang mars, Brgy. Acacia, Davao City','Davao City','Davao del Sur','8000','','Cancelled by customer','2026-04-30 05:14:59','2026-04-30 05:19:17'),(61,31,'SHD-20260430-83309B',840.00,'cancelled','Ako ay taga planetang mars, Brgy. Balengaeng, Davao City','Davao City','Davao del Sur','8000','','Cancelled by customer','2026-04-30 05:20:08','2026-04-30 05:22:48'),(62,31,'SHD-20260430-7142D5',760.00,'cancelled','Ako ay taga planetang mars, Brgy. Baracatan, Davao City','Davao City','Davao del Sur','8000','','Payment was cancelled or failed by the customer','2026-04-30 05:24:07','2026-04-30 05:25:28'),(63,31,'SHD-20260430-5809AF',420.00,'cancelled','Ako ay taga planetang mars, Brgy. Acacia, Davao City','Davao City','Davao del Sur','8000','','Cancelled by customer','2026-04-30 05:29:25','2026-04-30 05:33:56'),(64,31,'SHD-20260430-133931',1040.00,'cancelled','Ako ay taga planetang mars, Brgy. Alfonso Angliongto Sr., Davao City','Davao City','Davao del Sur','8000','','Payment was cancelled or failed by the customer','2026-04-30 05:35:13','2026-04-30 05:35:40'),(65,31,'SHD-20260430-E91703',1040.00,'cancelled','Ako ay taga planetang mars, Brgy. Alambre, Davao City','Davao City','Davao del Sur','8000','','Payment was cancelled or failed by the customer','2026-04-30 05:36:14','2026-04-30 05:36:32'),(66,31,'SHD-20260430-C9C498',900.00,'cancelled','Ako ay taga planetang mars, Brgy. Angalan, Davao City','Davao City','Davao del Sur','8000','','Cancelled by customer','2026-04-30 05:37:00','2026-04-30 05:37:57'),(67,31,'SHD-20260430-41EDFA',840.00,'cancelled','Ako ay taga planetang mars, Brgy. Bato, Davao City','Davao City','Davao del Sur','8000','','Payment was cancelled or failed by the customer','2026-04-30 05:38:12','2026-04-30 05:38:39'),(68,31,'SHD-20260430-DCA8B0',840.00,'cancelled','Ako ay taga planetang mars, Brgy. Alfonso Angliongto Sr., Davao City','Davao City','Davao del Sur','8000','','Payment was cancelled or failed by the customer','2026-04-30 05:39:09','2026-04-30 05:40:56'),(69,31,'SHD-20260430-DF2618',1260.00,'cancelled','Ako ay taga planetang mars, Brgy. Baganihan, Davao City','Davao City','Davao del Sur','8000','','Cancelled by customer','2026-04-30 05:42:21','2026-04-30 05:42:46'),(70,31,'SHD-20260430-0CE361',3700.00,'delivered','Ako ay taga planetang mars, Brgy. Baganihan, Davao City','Davao City','Davao del Sur','8000','',NULL,'2026-04-30 05:52:48','2026-04-30 05:54:58'),(71,31,'SHD-20260430-D71107',3485.00,'delivered','Ako ay taga planetang mars, Brgy. Balengaeng, Davao City','Davao City','Davao del Sur','8000','',NULL,'2026-04-30 06:35:41','2026-04-30 06:36:18'),(72,31,'SHD-20260430-C07FCC',940.00,'cancelled','Ako ay taga planetang mars, Brgy. Bantol, Davao City','Davao City','Davao del Sur','8000','','Cancelled by customer','2026-04-30 13:37:00','2026-04-30 13:46:31'),(73,31,'SHD-20260430-38061C',185.00,'cancelled','Ako ay taga planetang mars, Brgy. Bago Gallera, Davao City','Davao City','Davao del Sur','8000','','Cancelled by customer','2026-04-30 13:44:51','2026-04-30 13:46:37'),(74,31,'SHD-20260430-8ED7D1',1915.00,'delivered','Ako ay taga planetang mars, Brgy. Bangkas Heights, Davao City','Davao City','Davao del Sur','8000','',NULL,'2026-04-30 13:47:04','2026-04-30 15:12:05'),(75,31,'SHD-20260501-B2DF8B',1900.00,'delivered','Ako ay taga planetang mars, Brgy. Balengaeng, Davao City','Davao City','Davao del Sur','8000','',NULL,'2026-05-01 14:47:07','2026-05-01 14:47:50'),(76,31,'SHD-20260501-F3C93B',3250.00,'cancelled','Ako ay taga planetang mars, Brgy. Baliok, Davao City','Davao City','Davao del Sur','8000','','Payment was cancelled or failed by the customer','2026-05-01 15:11:43','2026-05-01 15:11:59'),(77,31,'SHD-20260501-A2DF07',830.00,'delivered','Ako ay taga planetang mars, Brgy. Bantol, Davao City','Davao City','Davao del Sur','8000','',NULL,'2026-05-01 15:15:06','2026-05-01 15:18:05'),(78,31,'SHD-20260501-24852B',2570.00,'cancelled','Ako ay taga planetang mars, Brgy. Alejandro Navarro (Linoan), Davao City','Davao City','Davao del Sur','8000','','Cancelled by customer','2026-05-01 15:18:42','2026-05-01 15:19:39'),(79,31,'SHD-20260501-B0DA06',2570.00,'cancelled','Ako ay taga planetang mars, Brgy. Atan-Awe, Davao City','Davao City','Davao del Sur','8000','','Cancelled by customer','2026-05-01 15:20:43','2026-05-01 15:20:48'),(80,31,'SHD-20260501-21C36F',2570.00,'cancelled','Ako ay taga planetang mars, Brgy. Alejandro Navarro (Linoan), Davao City','Davao City','Davao del Sur','8000','','Payment was cancelled or failed by the customer','2026-05-01 15:21:22','2026-05-01 15:21:36'),(81,31,'SHD-20260501-B3BF48',2570.00,'cancelled','Ako ay taga planetang mars, Brgy. Bangkal, Davao City','Davao City','Davao del Sur','8000','','Payment was cancelled or failed by the customer','2026-05-01 15:27:07','2026-05-01 15:27:24'),(82,31,'SHD-20260501-C3C795',3630.00,'cancelled','Ako ay taga planetang mars, Brgy. Bangkas Heights, Davao City','Davao City','Davao del Sur','8000','','Cancelled by customer','2026-05-01 15:27:56','2026-05-01 15:33:14'),(83,31,'SHD-20260501-7949C2',1320.00,'cancelled','Ako ay taga planetang mars, Brgy. Bangkal, Davao City','Davao City','Davao del Sur','8000','','Payment was cancelled or failed by the customer','2026-05-01 15:30:31','2026-05-01 15:30:55'),(84,31,'SHD-20260501-1E9867',800.00,'delivered','Ako ay taga planetang mars, Brgy. Bangkal, Davao City','Davao City','Davao del Sur','8000','',NULL,'2026-05-01 15:31:45','2026-05-01 15:33:50'),(85,31,'SHD-20260501-83BEC9',2570.00,'cancelled','Ako ay taga planetang mars, Brgy. Baliok, Davao City','Davao City','Davao del Sur','8000','','Cancelled by customer','2026-05-01 15:35:04','2026-05-01 15:36:57'),(86,31,'SHD-20260501-1CFB76',2570.00,'cancelled','Ako ay taga planetang mars, Brgy. Bangkas Heights, Davao City','Davao City','Davao del Sur','8000','','Cancelled by customer','2026-05-01 15:38:41','2026-05-01 15:40:32'),(87,31,'SHD-20260501-19532E',2080.00,'cancelled','Ako ay taga planetang mars, Brgy. Agdao, Davao City','Davao City','Davao del Sur','8000','','Payment was cancelled or failed by the customer','2026-05-01 15:41:37','2026-05-01 15:43:11'),(88,31,'SHD-20260501-AD4061',2570.00,'cancelled','Ako ay taga planetang mars, Brgy. Alejandro Navarro (Linoan), Davao City','Davao City','Davao del Sur','8000','','Cancelled by customer','2026-05-01 15:44:26','2026-05-01 15:44:30'),(89,31,'SHD-20260501-358412',7420.00,'cancelled','Ako ay taga planetang mars, Brgy. Alambre, Davao City','Davao City','Davao del Sur','8000','','Cancelled by customer','2026-05-01 15:44:51','2026-05-01 15:46:18'),(90,31,'SHD-20260501-5D93C0',2570.00,'cancelled','Ako ay taga planetang mars, Brgy. Bago Oshiro, Davao City','Davao City','Davao del Sur','8000','','Cancelled by customer','2026-05-01 15:47:33','2026-05-01 15:47:36'),(91,31,'SHD-20260501-2A58F1',4090.00,'cancelled','Ako ay taga planetang mars, Brgy. Balengaeng, Davao City','Davao City','Davao del Sur','8000','','Cancelled by customer','2026-05-01 15:48:02','2026-05-01 15:50:52'),(92,31,'SHD-20260501-CDBA16',4130.00,'cancelled','Ako ay taga planetang mars, Brgy. Bantol, Davao City','Davao City','Davao del Sur','8000','','Payment was cancelled or failed by the customer','2026-05-01 15:49:48','2026-05-01 15:50:37'),(93,31,'SHD-20260501-0B9B7C',2570.00,'cancelled','Ako ay taga planetang mars, Brgy. Alfonso Angliongto Sr., Davao City','Davao City','Davao del Sur','8000','','Cancelled by customer','2026-05-01 15:51:28','2026-05-01 15:51:31'),(94,31,'SHD-20260501-C482E4',955.00,'delivered','Ako ay taga planetang mars, Brgy. Baguio, Davao City','Davao City','Davao del Sur','8000','',NULL,'2026-05-01 15:51:56','2026-05-01 15:52:50'),(95,31,'SHD-20260617-57584D',3820.00,'processing','Ako ay taga planetang mars, Brgy. Callawa, Davao City','Davao City','Davao del Sur','8000','',NULL,'2026-06-17 06:29:41','2026-06-17 06:30:24'),(96,31,'SHD-20260617-80BE2F',420.00,'cancelled','Ako ay taga planetang mars, Brgy. Alfonso Angliongto Sr., Davao City','Davao City','Davao del Sur','8000','','Payment was cancelled or failed by the customer','2026-06-17 06:36:56','2026-06-17 06:37:18'),(97,31,'SHD-20260617-E350F3',900.00,'cancelled','Ako ay taga planetang mars, Brgy. Baganihan, Davao City','Davao City','Davao del Sur','8000','','Payment was cancelled or failed by the customer','2026-06-17 06:38:22','2026-06-17 06:38:37'),(98,31,'SHD-20260617-7E7CB6',1630.00,'cancelled','Ako ay taga planetang mars, Brgy. Bago Gallera, Davao City','Davao City','Davao del Sur','8000','','Payment was cancelled or failed by the customer','2026-06-17 06:39:19','2026-06-17 06:39:36'),(99,31,'SHD-20260617-44A360',420.00,'cancelled','Ako ay taga planetang mars, Brgy. Bago Oshiro, Davao City','Davao City','Davao del Sur','8000','','Payment was cancelled or failed by the customer','2026-06-17 06:45:56','2026-06-17 06:50:01');
/*!40000 ALTER TABLE `orders` ENABLE KEYS */;
UNLOCK TABLES;

--
-- Table structure for table `password_resets`
--

DROP TABLE IF EXISTS `password_resets`;
/*!40101 SET @saved_cs_client     = @@character_set_client */;
/*!40101 SET character_set_client = utf8 */;
CREATE TABLE `password_resets` (
  `id` int(10) unsigned NOT NULL AUTO_INCREMENT,
  `email` varchar(255) NOT NULL,
  `token` varchar(128) NOT NULL,
  `expires_at` datetime NOT NULL,
  `created_at` datetime NOT NULL DEFAULT current_timestamp(),
  PRIMARY KEY (`id`),
  UNIQUE KEY `token_unique` (`token`),
  KEY `email_idx` (`email`)
) ENGINE=InnoDB AUTO_INCREMENT=6 DEFAULT CHARSET=utf8mb4 COLLATE=utf8mb4_unicode_ci;
/*!40101 SET character_set_client = @saved_cs_client */;

--
-- Dumping data for table `password_resets`
--

LOCK TABLES `password_resets` WRITE;
/*!40000 ALTER TABLE `password_resets` DISABLE KEYS */;
/*!40000 ALTER TABLE `password_resets` ENABLE KEYS */;
UNLOCK TABLES;

--
-- Table structure for table `payments`
--

DROP TABLE IF EXISTS `payments`;
/*!40101 SET @saved_cs_client     = @@character_set_client */;
/*!40101 SET character_set_client = utf8 */;
CREATE TABLE `payments` (
  `id` int(11) NOT NULL AUTO_INCREMENT,
  `order_id` int(11) NOT NULL,
  `payment_method` varchar(50) NOT NULL,
  `transaction_id` varchar(255) DEFAULT NULL,
  `source_id` varchar(255) DEFAULT NULL,
  `client_key` varchar(512) DEFAULT NULL,
  `amount` decimal(10,2) NOT NULL,
  `status` enum('pending','completed','failed','refunded') DEFAULT 'pending',
  `created_at` timestamp NOT NULL DEFAULT current_timestamp(),
  PRIMARY KEY (`id`),
  KEY `order_id` (`order_id`),
  KEY `idx_transaction_id` (`transaction_id`),
  KEY `idx_source_id` (`source_id`),
  CONSTRAINT `payments_ibfk_1` FOREIGN KEY (`order_id`) REFERENCES `orders` (`id`)
) ENGINE=InnoDB AUTO_INCREMENT=100 DEFAULT CHARSET=utf8mb4 COLLATE=utf8mb4_general_ci;
/*!40101 SET character_set_client = @saved_cs_client */;

--
-- Dumping data for table `payments`
--

LOCK TABLES `payments` WRITE;
/*!40000 ALTER TABLE `payments` DISABLE KEYS */;
INSERT INTO `payments` VALUES (2,2,'cod',NULL,NULL,NULL,520.00,'refunded','2026-04-01 15:28:00'),(3,3,'cod',NULL,NULL,NULL,185.00,'completed','2026-04-01 15:28:00'),(4,4,'cod',NULL,NULL,NULL,4250.00,'completed','2026-04-01 15:28:00'),(5,5,'cod',NULL,NULL,NULL,65.00,'refunded','2026-04-01 15:28:00'),(6,6,'cod',NULL,NULL,NULL,320.00,'refunded','2026-04-01 15:28:00'),(7,7,'gcash',NULL,NULL,NULL,65.00,'pending','2026-04-01 15:32:04'),(8,8,'cod',NULL,NULL,NULL,840.00,'completed','2026-04-01 15:33:32'),(9,9,'gcash',NULL,NULL,NULL,1025.00,'pending','2026-04-01 15:34:14'),(10,10,'gcash',NULL,NULL,NULL,4395.00,'pending','2026-04-01 15:45:11'),(11,11,'card',NULL,NULL,NULL,885.00,'pending','2026-04-01 15:54:09'),(12,12,'card',NULL,NULL,NULL,375.00,'pending','2026-04-03 14:56:50'),(13,13,'gcash',NULL,NULL,NULL,520.00,'pending','2026-04-03 15:08:52'),(14,14,'gcash',NULL,NULL,NULL,375.00,'pending','2026-04-03 15:17:00'),(15,15,'cod',NULL,NULL,NULL,375.00,'refunded','2026-04-03 15:32:30'),(16,16,'gcash',NULL,NULL,NULL,375.00,'pending','2026-04-04 12:19:24'),(17,17,'cod',NULL,NULL,NULL,520.00,'refunded','2026-04-04 12:26:13'),(18,18,'cod',NULL,NULL,NULL,380.00,'completed','2026-04-04 12:38:39'),(19,19,'cod',NULL,NULL,NULL,380.00,'completed','2026-04-04 12:44:17'),(20,20,'cod',NULL,NULL,NULL,1250.00,'refunded','2026-04-04 12:46:35'),(21,21,'cod',NULL,NULL,NULL,375.00,'refunded','2026-04-04 12:48:44'),(22,22,'gcash',NULL,NULL,NULL,375.00,'refunded','2026-04-04 12:50:08'),(23,23,'gcash',NULL,NULL,NULL,450.00,'refunded','2026-04-04 13:01:32'),(24,24,'gcash',NULL,NULL,NULL,380.00,'refunded','2026-04-04 13:12:59'),(25,25,'gcash',NULL,NULL,NULL,520.00,'refunded','2026-04-04 13:16:30'),(26,26,'gcash',NULL,NULL,NULL,380.00,'refunded','2026-04-04 13:27:45'),(27,27,'card',NULL,NULL,NULL,380.00,'pending','2026-04-11 13:52:09'),(28,28,'gcash',NULL,NULL,NULL,3160.00,'pending','2026-04-20 02:58:22'),(29,29,'gcash',NULL,NULL,NULL,420.00,'pending','2026-04-20 03:02:04'),(30,30,'gcash',NULL,'src_DCfCWPUhzufjbBPvm5Yd18Ji',NULL,280.00,'completed','2026-04-20 03:04:10'),(31,31,'gcash',NULL,'src_eDV84K6DrV7cmUSfaYdgAQ2m',NULL,280.00,'completed','2026-04-20 03:10:28'),(32,32,'card',NULL,'pi_Y5cxRqjf1q7wZxdrMeuM2jnp','pi_Y5cxRqjf1q7wZxdrMeuM2jnp_client_AHrppNPbMYCAHR1wELSv6C7D',380.00,'pending','2026-04-20 04:08:10'),(33,33,'card',NULL,'pi_oAyLL2JM4jSz6VmSGizKVYck','pi_oAyLL2JM4jSz6VmSGizKVYck_client_Pp1zTGbkBEbKx6c2UYT1aaPr',280.00,'pending','2026-04-20 04:12:06'),(34,34,'card','pi_BtVjL9iWXAXVDARc5eV4nzBd','pi_BtVjL9iWXAXVDARc5eV4nzBd','pi_BtVjL9iWXAXVDARc5eV4nzBd_client_Vg6BUq33Qt7tmVB29BEhqMgh',420.00,'completed','2026-04-20 04:17:25'),(35,35,'gcash',NULL,NULL,NULL,520.00,'failed','2026-04-20 07:01:40'),(36,36,'gcash',NULL,'src_HyWHAJ9fhCgbqnjVyAhNT8PR',NULL,380.00,'completed','2026-04-20 07:35:25'),(37,37,'card','pi_dpRBQATo4zDBFuqcnDczVVvs','pi_dpRBQATo4zDBFuqcnDczVVvs','pi_dpRBQATo4zDBFuqcnDczVVvs_client_AkCesXkpB3eNVgUcCr8Q24Y4',2260.00,'failed','2026-04-23 16:58:04'),(38,38,'card',NULL,'pi_Bde4rPFA9GrNAkCKaarKTebY','pi_Bde4rPFA9GrNAkCKaarKTebY_client_Yub6vihCz3xajkREgJSKvpNh',280.00,'failed','2026-04-23 17:07:47'),(39,39,'gcash',NULL,'src_p6nVPpXJvg2oqCLe8GegnVRU',NULL,1250.00,'pending','2026-04-24 05:29:31'),(40,40,'cod',NULL,NULL,NULL,420.00,'completed','2026-04-24 16:58:20'),(41,41,'gcash',NULL,'src_rtG1f4KSiB1MfQjihowKpBw5',NULL,840.00,'pending','2026-04-24 17:01:42'),(42,42,'cod',NULL,NULL,NULL,420.00,'completed','2026-04-24 17:07:43'),(43,43,'card',NULL,'pi_ETKsZew1STDYCJFtWxppFWnq','pi_ETKsZew1STDYCJFtWxppFWnq_client_J5ug8mGxe4dG6xtCH3213uCW',2570.00,'pending','2026-04-26 14:06:30'),(44,44,'card','pi_PMTjRsAMxSVHvSTtPXNm6Csw','pi_PMTjRsAMxSVHvSTtPXNm6Csw','pi_PMTjRsAMxSVHvSTtPXNm6Csw_client_BHN2bYhjBAfqcVkPHQUnypcc',280.00,'completed','2026-04-26 14:08:11'),(45,45,'card','pi_4ha7BPuuWY1kA11iGDmQdeMV','pi_4ha7BPuuWY1kA11iGDmQdeMV','pi_4ha7BPuuWY1kA11iGDmQdeMV_client_Ys4zqFFH97BnMgjxTcpewFwu',280.00,'completed','2026-04-26 14:14:37'),(46,46,'card','pi_b45m1vYtquhf43SYFD3v1pkW','pi_b45m1vYtquhf43SYFD3v1pkW','pi_b45m1vYtquhf43SYFD3v1pkW_client_A6L9Bpa2cWjnDK1t6NKyJuCp',420.00,'completed','2026-04-26 14:41:58'),(47,47,'card','pi_h9Nih1giCbfLYZ4AUHuLrSBB','pi_h9Nih1giCbfLYZ4AUHuLrSBB','pi_h9Nih1giCbfLYZ4AUHuLrSBB_client_wz5vSEZ5XDjFvvW6sz6M9MAR',520.00,'completed','2026-04-26 14:52:57'),(48,48,'cod',NULL,NULL,NULL,520.00,'completed','2026-04-26 14:58:41'),(49,49,'card','pi_Dy15BzJx2CG5ecdcfddKXwsL','pi_Dy15BzJx2CG5ecdcfddKXwsL','pi_Dy15BzJx2CG5ecdcfddKXwsL_client_zFSsZebwg1cc7jiJshYGhPwb',420.00,'completed','2026-04-26 14:59:24'),(50,50,'cod',NULL,NULL,NULL,420.00,'completed','2026-04-26 15:11:43'),(51,51,'card','pi_VvjiEfL2vXo6krosBgCYALCh','pi_VvjiEfL2vXo6krosBgCYALCh','pi_VvjiEfL2vXo6krosBgCYALCh_client_hzebNRHC9jEb1SiXs3UX819c',280.00,'refunded','2026-04-26 15:12:20'),(52,52,'card',NULL,'pi_48cnMvdCf2Yvp97ddHje7gRS','pi_48cnMvdCf2Yvp97ddHje7gRS_client_iasi79Teug2p6weBnWtW3moC',420.00,'pending','2026-04-26 15:23:40'),(53,53,'qrph',NULL,NULL,NULL,9260.00,'pending','2026-04-30 04:50:53'),(54,54,'qrph',NULL,NULL,NULL,1040.00,'pending','2026-04-30 04:52:53'),(55,55,'qrph',NULL,NULL,NULL,420.00,'pending','2026-04-30 04:56:02'),(56,56,'gcash',NULL,'src_QnvexVWaernUDgSwTiGpAqhL',NULL,520.00,'pending','2026-04-30 04:59:30'),(57,57,'gcash',NULL,NULL,NULL,280.00,'pending','2026-04-30 05:00:14'),(58,58,'qrph',NULL,NULL,NULL,520.00,'pending','2026-04-30 05:02:47'),(59,59,'qrph',NULL,'cs_3ac0af4078382bf76095efa2',NULL,1260.00,'pending','2026-04-30 05:11:02'),(60,60,'qrph',NULL,'cs_93d61c9fcdfd2aaccdf352be',NULL,420.00,'pending','2026-04-30 05:14:59'),(61,61,'qrph',NULL,'cs_a4a70ed5a2f56bb90a206d73',NULL,840.00,'pending','2026-04-30 05:20:08'),(62,62,'qrph',NULL,'cs_a50246258f3e02bb3dbfec2c',NULL,760.00,'failed','2026-04-30 05:24:07'),(63,63,'gcash',NULL,'src_xbLY9eRPHphUuCkCwMnhoPLL',NULL,420.00,'pending','2026-04-30 05:29:25'),(64,64,'qrph',NULL,'cs_6959435adff34e05f201acd8',NULL,1040.00,'failed','2026-04-30 05:35:13'),(65,65,'gcash',NULL,'src_cCzS2xCp6y7hdSyjhRq6z2UM',NULL,1040.00,'failed','2026-04-30 05:36:14'),(66,66,'gcash',NULL,'src_8r8keyN5tos1ZG6DjhWfXhRd',NULL,900.00,'pending','2026-04-30 05:37:00'),(67,67,'gcash',NULL,'src_4pwXLqKEw8fwQBWhAcjympC8',NULL,840.00,'failed','2026-04-30 05:38:12'),(68,68,'gcash',NULL,'src_EEZZ4pFKYWtMdkXCvmkMuFTZ',NULL,840.00,'failed','2026-04-30 05:39:09'),(69,69,'gcash',NULL,'src_KfHHdqKb3Q5HXTEVZX4J8NnB',NULL,1260.00,'pending','2026-04-30 05:42:22'),(70,70,'card','pi_1xsRSrzQj4AQ94shxvpx2gZa','pi_1xsRSrzQj4AQ94shxvpx2gZa','pi_1xsRSrzQj4AQ94shxvpx2gZa_client_c8Atvc1Na9YyfU2T7VYUahXW',3700.00,'refunded','2026-04-30 05:52:48'),(71,71,'gcash',NULL,'src_6jEY6JpwHSZVB3Cag56haezv',NULL,3485.00,'refunded','2026-04-30 06:35:41'),(72,72,'qrph',NULL,'cs_e7bf1bbc4c93701f1144344b',NULL,940.00,'pending','2026-04-30 13:37:00'),(73,73,'gcash',NULL,'cs_2060e7e0d4c283a694dd51da',NULL,185.00,'pending','2026-04-30 13:44:51'),(74,74,'card',NULL,'cs_9d1a61180b1c36b98aa5c46d',NULL,1915.00,'pending','2026-04-30 13:47:04'),(75,75,'qrph','{CHECKOUT_SESSION_ID}','cs_783576a9a05031262d48afd2',NULL,1900.00,'completed','2026-05-01 14:47:07'),(76,76,'qrph',NULL,'cs_865583b12baf89613dad1f4f',NULL,3250.00,'failed','2026-05-01 15:11:43'),(77,77,'card','{CHECKOUT_SESSION_ID}','cs_67e39f797deff07b2e38d7db',NULL,830.00,'completed','2026-05-01 15:15:06'),(78,78,'gcash',NULL,'cs_1ec42b9ee092035520ccff41',NULL,2570.00,'pending','2026-05-01 15:18:42'),(79,79,'cod',NULL,NULL,NULL,2570.00,'completed','2026-05-01 15:20:43'),(80,80,'qrph',NULL,'cs_324c0bfe61fda1fb7a4e3533',NULL,2570.00,'failed','2026-05-01 15:21:22'),(81,81,'qrph',NULL,'cs_e2a11546dc842721d3b8438d',NULL,2570.00,'failed','2026-05-01 15:27:07'),(82,82,'gcash',NULL,'cs_84e45309800e390370181648',NULL,3630.00,'pending','2026-05-01 15:27:56'),(83,83,'gcash',NULL,'cs_acb8250d0b84695be376b83a',NULL,1320.00,'failed','2026-05-01 15:30:31'),(84,84,'gcash','{CHECKOUT_SESSION_ID}','cs_3b58d3a8b7defe4d89a6ed1c',NULL,800.00,'completed','2026-05-01 15:31:45'),(85,85,'gcash',NULL,'cs_7e05fd944279d109e9be08cf',NULL,2570.00,'pending','2026-05-01 15:35:04'),(86,86,'gcash',NULL,'cs_27b3686fcdfd409d34c7136f',NULL,2570.00,'pending','2026-05-01 15:38:41'),(87,87,'gcash',NULL,'cs_8122110e8987b34553ca2b65',NULL,2080.00,'failed','2026-05-01 15:41:37'),(88,88,'cod',NULL,NULL,NULL,2570.00,'completed','2026-05-01 15:44:26'),(89,89,'gcash','cs_c9234e9f4b0a18765be82bd0','cs_c9234e9f4b0a18765be82bd0',NULL,7420.00,'completed','2026-05-01 15:44:51'),(90,90,'cod',NULL,NULL,NULL,2570.00,'completed','2026-05-01 15:47:33'),(91,91,'card','{CHECKOUT_SESSION_ID}','cs_dd0eef1fe46660cb5460d0f8',NULL,4090.00,'completed','2026-05-01 15:48:02'),(92,92,'gcash',NULL,'cs_92745f4d7f3ec3e728398a88',NULL,4130.00,'failed','2026-05-01 15:49:48'),(93,93,'cod',NULL,NULL,NULL,2570.00,'completed','2026-05-01 15:51:28'),(94,94,'gcash','cs_7fbead6a16a5d76a2f5dd6b0','cs_7fbead6a16a5d76a2f5dd6b0',NULL,955.00,'completed','2026-05-01 15:51:56'),(95,95,'cod',NULL,NULL,NULL,3820.00,'completed','2026-06-17 06:29:41'),(96,96,'gcash',NULL,NULL,NULL,420.00,'failed','2026-06-17 06:36:56'),(97,97,'gcash',NULL,NULL,NULL,900.00,'failed','2026-06-17 06:38:22'),(98,98,'qrph',NULL,NULL,NULL,1630.00,'failed','2026-06-17 06:39:19'),(99,99,'qrph',NULL,'cs_2c86c5866aab670b56b91ae0',NULL,420.00,'failed','2026-06-17 06:45:56');
/*!40000 ALTER TABLE `payments` ENABLE KEYS */;
UNLOCK TABLES;

--
-- Table structure for table `price_history`
--

DROP TABLE IF EXISTS `price_history`;
/*!40101 SET @saved_cs_client     = @@character_set_client */;
/*!40101 SET character_set_client = utf8 */;
CREATE TABLE `price_history` (
  `id` int(11) NOT NULL AUTO_INCREMENT,
  `product_id` int(11) NOT NULL,
  `old_price` decimal(10,2) NOT NULL,
  `new_price` decimal(10,2) NOT NULL,
  `changed_by` int(11) DEFAULT NULL,
  `reason` varchar(500) DEFAULT NULL,
  `created_at` timestamp NOT NULL DEFAULT current_timestamp(),
  PRIMARY KEY (`id`),
  KEY `idx_ph_product` (`product_id`),
  KEY `idx_ph_date` (`created_at`),
  CONSTRAINT `price_history_ibfk_1` FOREIGN KEY (`product_id`) REFERENCES `products` (`id`) ON DELETE CASCADE
) ENGINE=InnoDB AUTO_INCREMENT=4 DEFAULT CHARSET=utf8mb4 COLLATE=utf8mb4_unicode_ci;
/*!40101 SET character_set_client = @saved_cs_client */;

--
-- Dumping data for table `price_history`
--

LOCK TABLES `price_history` WRITE;
/*!40000 ALTER TABLE `price_history` DISABLE KEYS */;
INSERT INTO `price_history` VALUES (1,19,850.00,0.00,1,'','2026-04-01 16:40:12'),(2,19,0.00,375.00,1,'','2026-04-01 16:44:24'),(3,19,375.00,420.00,1,'','2026-04-07 04:04:49');
/*!40000 ALTER TABLE `price_history` ENABLE KEYS */;
UNLOCK TABLES;

--
-- Table structure for table `products`
--

DROP TABLE IF EXISTS `products`;
/*!40101 SET @saved_cs_client     = @@character_set_client */;
/*!40101 SET character_set_client = utf8 */;
CREATE TABLE `products` (
  `id` int(11) NOT NULL AUTO_INCREMENT,
  `category_id` int(11) NOT NULL,
  `name` varchar(255) NOT NULL,
  `description` text DEFAULT NULL,
  `price` decimal(10,2) NOT NULL,
  `cost` decimal(10,2) DEFAULT NULL,
  `image` varchar(255) DEFAULT NULL,
  `sku` varchar(50) DEFAULT NULL,
  `is_active` tinyint(1) DEFAULT 1,
  `created_at` timestamp NOT NULL DEFAULT current_timestamp(),
  `updated_at` timestamp NOT NULL DEFAULT current_timestamp() ON UPDATE current_timestamp(),
  PRIMARY KEY (`id`),
  UNIQUE KEY `sku` (`sku`),
  KEY `category_id` (`category_id`),
  CONSTRAINT `products_ibfk_1` FOREIGN KEY (`category_id`) REFERENCES `categories` (`id`)
) ENGINE=InnoDB AUTO_INCREMENT=33 DEFAULT CHARSET=utf8mb4 COLLATE=utf8mb4_general_ci;
/*!40101 SET character_set_client = @saved_cs_client */;

--
-- Dumping data for table `products`
--

LOCK TABLES `products` WRITE;
/*!40000 ALTER TABLE `products` DISABLE KEYS */;
INSERT INTO `products` VALUES (1,1,'Stainless Steel Bolt Set (100pc)','Heavy-duty stainless steel bolts, assorted sizes M6-M12',450.00,NULL,NULL,'HW-BLT-001',1,'2026-02-25 12:30:02','2026-02-25 12:30:02'),(2,1,'Cabinet Door Hinges (Pair)','Soft-close cabinet hinges, brushed nickel finish',185.00,NULL,NULL,'HW-HNG-002',1,'2026-02-25 12:30:02','2026-02-25 12:30:02'),(3,1,'Padlock 50mm Heavy Duty','Weather-resistant laminated steel padlock',320.00,NULL,NULL,'HW-PLK-003',1,'2026-02-25 12:30:02','2026-02-25 12:30:02'),(4,2,'Portland Cement 40kg','Type I general-purpose Portland cement',280.00,NULL,NULL,'CM-CEM-001',1,'2026-02-25 12:30:02','2026-02-25 12:30:02'),(5,2,'Plywood 4x8 Marine Grade','3/4 inch marine-grade plywood sheet',1250.00,NULL,NULL,'CM-PLY-002',1,'2026-02-25 12:30:02','2026-02-25 12:30:02'),(6,2,'GI Corrugated Roof Sheet','Gauge 26, 8ft length galvanized iron roofing',385.00,NULL,NULL,'CM-ROF-003',1,'2026-02-25 12:30:02','2026-02-25 12:30:02'),(7,3,'Cordless Drill 20V','Lithium-ion cordless drill with 2 batteries and charger',3500.00,NULL,NULL,'TL-DRL-001',1,'2026-02-25 12:30:02','2026-02-25 12:30:02'),(8,3,'Measuring Tape 7.5m','Professional-grade steel measuring tape with auto-lock',195.00,NULL,NULL,'TL-MSR-002',1,'2026-02-25 12:30:02','2026-02-25 12:30:02'),(9,3,'Circular Saw 7-1/4\"','1400W circular saw with carbide-tipped blade',4200.00,NULL,NULL,'TL-SAW-003',1,'2026-02-25 12:30:02','2026-02-25 12:30:02'),(10,4,'PVC Pipe 1/2\" (10ft)','Schedule 40 PVC pressure pipe',65.00,NULL,NULL,'PL-PVC-001',1,'2026-02-25 12:30:02','2026-02-25 12:30:02'),(11,4,'Kitchen Faucet Single Handle','Chrome-plated brass kitchen faucet with sprayer',1850.00,NULL,NULL,'PL-FCT-002',1,'2026-02-25 12:30:02','2026-02-25 12:30:02'),(12,4,'Teflon Tape 1/2\"x10m','PTFE thread seal tape for pipe connections',25.00,NULL,NULL,'PL-TFL-003',1,'2026-02-25 12:30:02','2026-02-25 12:30:02'),(13,5,'THHN Wire #12 (75m)','Stranded copper THHN wire, 75 meters',2800.00,NULL,NULL,'EL-WIR-001',1,'2026-02-25 12:30:02','2026-02-25 12:30:02'),(14,5,'LED Panel Light 18W','Surface-mount 18W LED panel, daylight 6500K',450.00,NULL,NULL,'EL-LED-002',1,'2026-02-25 12:30:02','2026-02-25 12:30:02'),(15,5,'Circuit Breaker 30A','Bolt-on type single-pole circuit breaker',380.00,NULL,NULL,'EL-BRK-003',1,'2026-02-25 12:30:02','2026-02-25 12:30:02'),(16,2,'Stainless Steel Bolt Set (100pc)','',3000.00,NULL,NULL,'HW-001',1,'2026-02-28 08:12:53','2026-02-28 08:12:53'),(17,6,'BULL DOG','',0.06,NULL,NULL,'HW-00595',0,'2026-02-28 15:37:22','2026-03-02 14:15:01'),(19,7,'Porcelain Floor Tile 60x60cm','TEST',420.00,NULL,'1773991790_69bcf76e90c5f_cropped_1773991790555.jpg','TL-POR-001',1,'2026-03-04 13:55:35','2026-04-16 15:48:26'),(20,7,'Ceramic Wall Tile 30x60cm','Glossy ceramic wall tile, white subway style, 8pcs per box (1.44 sqm)',520.00,NULL,'1773991920_69bcf7f0d4588_cropped_1773991920817.jpg','TL-CER-002',1,'2026-03-04 13:55:35','2026-03-20 07:32:00'),(21,7,'Mosaic Glass Tile Sheet','Decorative glass mosaic sheet 30x30cm, mixed blue/green tones',380.00,NULL,'1773991991_69bcf837f317f_cropped_1773991991947.jpg','TL-MOS-003',1,'2026-03-04 13:55:35','2026-03-20 07:33:12'),(22,7,'Granite Floor Tile 80x80cm','Heavy-duty polished granite tile, dark grey, 3pcs per box (1.92 sqm)',1250.00,NULL,'1773992156_69bcf8dcc56ff_cropped_1773992156770.jpg','TL-GRN-004',1,'2026-03-04 13:55:35','2026-03-20 07:35:56'),(23,7,'Subway Tile 10x30cm (Box of 20)','Classic matte white subway tiles for kitchen/bathroom backsplash',450.00,NULL,'1773992314_69bcf97ac712b_cropped_1773992314694.jpg','TL-SUB-005',1,'2026-03-04 13:55:35','2026-03-20 07:38:34'),(24,7,'Outdoor Non-Slip Tile 40x40cm','Textured non-slip outdoor tile, terracotta finish, 6pcs per box',680.00,NULL,'1773992400_69bcf9d0a8f6f_cropped_1773992400098.jpg','TL-OUT-006',1,'2026-03-04 13:55:35','2026-03-20 07:40:00'),(25,7,'Vinyl Plank Tile 15x90cm','Wood-look vinyl plank tile, oak finish, click-lock install, 8pcs per box',720.00,NULL,'1773992504_69bcfa38bd656_cropped_1773992504670.jpg','TL-VNL-007',1,'2026-03-04 13:55:35','2026-03-20 07:41:44'),(26,7,'Hexagonal Cement Tile','Handcrafted cement hexagonal tile 20cm, assorted patterns',195.00,NULL,'1773992674_69bcfae220a8d_cropped_1773992674059.jpg','TL-HEX-008',1,'2026-03-04 13:55:35','2026-03-20 07:44:34'),(27,7,'Ceramic Tiles','',850.00,NULL,NULL,'HW-02321',0,'2026-03-04 15:09:06','2026-03-04 15:09:33'),(28,7,'Ceramic Tiles','',850.00,NULL,'1772636995_tiles.jpg','HW-0012',0,'2026-03-04 15:09:55','2026-03-09 03:26:29'),(29,7,'750X1500 Marble Floor Tiles','This tile is test',1.00,NULL,'1777044604_69eb8c7cdf1e6.jpg','TL-POR-004',0,'2026-04-24 14:54:25','2026-04-24 15:30:14'),(30,7,'1x1 Pool Tiles Per Sheet','This is tile test',300.00,NULL,'1777043364_69eb87a4a9609.jpg','TL-PL-009',0,'2026-04-24 15:09:24','2026-04-24 15:24:05'),(31,7,'1x1 Pool Tiles Per Sheet','This is test tiles',1.00,NULL,'1777044168_69eb8ac86c2bb.jpg','TL-PL-010',0,'2026-04-24 15:22:48','2026-04-24 15:24:00'),(32,7,'750X1500 Marble Floor Tiles','This is test tiles',1.00,NULL,'1777044385_69eb8ba1aba9b.jpg','SKU: TL-POR-004',0,'2026-04-24 15:26:25','2026-04-24 15:28:02');
/*!40000 ALTER TABLE `products` ENABLE KEYS */;
UNLOCK TABLES;

--
-- Table structure for table `return_requests`
--

DROP TABLE IF EXISTS `return_requests`;
/*!40101 SET @saved_cs_client     = @@character_set_client */;
/*!40101 SET character_set_client = utf8 */;
CREATE TABLE `return_requests` (
  `id` int(11) NOT NULL AUTO_INCREMENT,
  `order_id` int(11) NOT NULL,
  `user_id` int(11) NOT NULL,
  `reason` text NOT NULL,
  `selected_items` text DEFAULT NULL,
  `status` enum('pending','approved','rejected','completed') NOT NULL DEFAULT 'pending',
  `admin_notes` text DEFAULT NULL,
  `created_at` timestamp NOT NULL DEFAULT current_timestamp(),
  `updated_at` timestamp NOT NULL DEFAULT current_timestamp() ON UPDATE current_timestamp(),
  PRIMARY KEY (`id`),
  KEY `order_id` (`order_id`),
  KEY `user_id` (`user_id`),
  CONSTRAINT `return_requests_ibfk_1` FOREIGN KEY (`order_id`) REFERENCES `orders` (`id`),
  CONSTRAINT `return_requests_ibfk_2` FOREIGN KEY (`user_id`) REFERENCES `users` (`id`)
) ENGINE=InnoDB AUTO_INCREMENT=25 DEFAULT CHARSET=utf8mb4 COLLATE=utf8mb4_general_ci;
/*!40101 SET character_set_client = @saved_cs_client */;

--
-- Dumping data for table `return_requests`
--

LOCK TABLES `return_requests` WRITE;
/*!40000 ALTER TABLE `return_requests` DISABLE KEYS */;
INSERT INTO `return_requests` VALUES (3,21,23,'Damaged item',NULL,'pending','','2026-03-21 08:10:46','2026-04-04 12:53:48'),(4,21,23,'Damaged item',NULL,'pending','','2026-03-21 08:10:53','2026-04-04 12:53:48'),(5,21,23,'Damaged item',NULL,'pending','','2026-03-21 08:12:28','2026-04-04 12:53:48'),(6,21,23,'Damaged item',NULL,'pending','','2026-03-21 08:12:30','2026-04-04 12:53:48'),(7,21,23,'Damaged item',NULL,'pending','','2026-03-21 08:12:38','2026-04-04 12:53:48'),(8,21,23,'Damaged item',NULL,'pending','','2026-03-21 08:14:06','2026-04-04 12:53:48'),(9,23,2,'Damaged item',NULL,'completed','','2026-03-21 08:46:39','2026-04-20 03:13:59'),(10,2,31,'damage item',NULL,'completed','','2026-03-28 16:55:53','2026-04-04 12:58:20'),(11,5,31,'Item arrived damaged or broken ΓÇö TEST DAMAGE',NULL,'completed','','2026-04-01 14:28:43','2026-04-04 12:58:18'),(12,6,31,'Item arrived damaged or broken ΓÇö test damage',NULL,'completed','','2026-04-01 15:13:31','2026-04-04 12:58:17'),(13,15,31,'Item arrived damaged or broken',NULL,'completed','','2026-04-03 15:35:18','2026-04-04 12:58:16'),(14,17,31,'Received wrong item',NULL,'completed','','2026-04-04 12:37:42','2026-04-04 12:58:15'),(15,20,31,'Item arrived damaged or broken ΓÇö test',NULL,'completed','','2026-04-04 12:47:26','2026-04-04 12:58:14'),(16,21,31,'Item arrived damaged or broken ΓÇö test',NULL,'completed','','2026-04-04 12:49:14','2026-04-04 12:58:13'),(17,22,31,'Received wrong item',NULL,'completed','','2026-04-04 12:50:33','2026-04-04 12:58:11'),(18,23,31,'Item does not match description or photos',NULL,'completed','','2026-04-04 13:01:56','2026-04-04 13:11:31'),(19,24,31,'Received wrong item',NULL,'completed','','2026-04-04 13:14:01','2026-04-04 13:17:50'),(20,25,31,'Item arrived damaged or broken',NULL,'completed','','2026-04-04 13:16:53','2026-04-04 13:28:35'),(21,26,31,'Item arrived damaged or broken',NULL,'completed','','2026-04-04 13:28:24','2026-04-07 04:39:01'),(22,51,31,'Item arrived damaged or broken',NULL,'completed','','2026-04-29 08:12:18','2026-04-29 08:13:57'),(23,70,31,'Item arrived damaged or broken ΓÇö may damids','[88,90]','completed','','2026-04-30 06:14:25','2026-04-30 06:34:59'),(24,71,31,'Item arrived damaged or broken ΓÇö potangina naman oh may damids','[94,95,97,98]','completed','','2026-04-30 06:36:54','2026-04-30 06:39:30');
/*!40000 ALTER TABLE `return_requests` ENABLE KEYS */;
UNLOCK TABLES;

--
-- Table structure for table `reviews`
--

DROP TABLE IF EXISTS `reviews`;
/*!40101 SET @saved_cs_client     = @@character_set_client */;
/*!40101 SET character_set_client = utf8 */;
CREATE TABLE `reviews` (
  `id` int(11) NOT NULL AUTO_INCREMENT,
  `product_id` int(11) NOT NULL,
  `order_id` int(11) DEFAULT NULL,
  `order_item_id` int(11) DEFAULT NULL,
  `user_id` int(11) NOT NULL,
  `rating` tinyint(4) NOT NULL CHECK (`rating` >= 1 and `rating` <= 5),
  `comment` text DEFAULT NULL,
  `created_at` timestamp NOT NULL DEFAULT current_timestamp(),
  PRIMARY KEY (`id`),
  KEY `product_id` (`product_id`),
  KEY `user_id` (`user_id`),
  KEY `order_id` (`order_id`)
) ENGINE=InnoDB AUTO_INCREMENT=7 DEFAULT CHARSET=utf8mb4 COLLATE=utf8mb4_general_ci;
/*!40101 SET character_set_client = @saved_cs_client */;

--
-- Dumping data for table `reviews`
--

LOCK TABLES `reviews` WRITE;
/*!40000 ALTER TABLE `reviews` DISABLE KEYS */;
INSERT INTO `reviews` VALUES (4,10,5,5,31,1,'pangit may damage','2026-04-01 14:53:59'),(5,19,12,18,31,1,'pangit rejected request ko','2026-04-03 15:02:43'),(6,19,15,21,31,5,'labley','2026-04-03 15:34:19');
/*!40000 ALTER TABLE `reviews` ENABLE KEYS */;
UNLOCK TABLES;

--
-- Table structure for table `roles`
--

DROP TABLE IF EXISTS `roles`;
/*!40101 SET @saved_cs_client     = @@character_set_client */;
/*!40101 SET character_set_client = utf8 */;
CREATE TABLE `roles` (
  `id` int(11) NOT NULL AUTO_INCREMENT,
  `name` varchar(50) NOT NULL,
  `created_at` timestamp NOT NULL DEFAULT current_timestamp(),
  PRIMARY KEY (`id`),
  UNIQUE KEY `name` (`name`)
) ENGINE=InnoDB AUTO_INCREMENT=5 DEFAULT CHARSET=utf8mb4 COLLATE=utf8mb4_general_ci;
/*!40101 SET character_set_client = @saved_cs_client */;

--
-- Dumping data for table `roles`
--

LOCK TABLES `roles` WRITE;
/*!40000 ALTER TABLE `roles` DISABLE KEYS */;
INSERT INTO `roles` VALUES (1,'customer','2026-02-25 12:30:02'),(2,'staff','2026-02-25 12:30:02'),(3,'super_admin','2026-02-25 12:30:02'),(4,'inventory_incharge','2026-03-16 17:11:35');
/*!40000 ALTER TABLE `roles` ENABLE KEYS */;
UNLOCK TABLES;

--
-- Table structure for table `stock_movements`
--

DROP TABLE IF EXISTS `stock_movements`;
/*!40101 SET @saved_cs_client     = @@character_set_client */;
/*!40101 SET character_set_client = utf8 */;
CREATE TABLE `stock_movements` (
  `id` int(11) NOT NULL AUTO_INCREMENT,
  `product_id` int(11) NOT NULL,
  `type` enum('purchase','sale','return','adjustment','initial') NOT NULL,
  `quantity` int(11) NOT NULL,
  `reference_id` int(11) DEFAULT NULL,
  `notes` varchar(500) DEFAULT NULL,
  `performed_by` int(11) DEFAULT NULL,
  `created_at` timestamp NOT NULL DEFAULT current_timestamp(),
  PRIMARY KEY (`id`),
  KEY `idx_sm_product` (`product_id`),
  KEY `idx_sm_type` (`type`),
  KEY `idx_sm_date` (`created_at`),
  CONSTRAINT `stock_movements_ibfk_1` FOREIGN KEY (`product_id`) REFERENCES `products` (`id`) ON DELETE CASCADE
) ENGINE=InnoDB AUTO_INCREMENT=57 DEFAULT CHARSET=utf8mb4 COLLATE=utf8mb4_unicode_ci;
/*!40101 SET character_set_client = @saved_cs_client */;

--
-- Dumping data for table `stock_movements`
--

LOCK TABLES `stock_movements` WRITE;
/*!40000 ALTER TABLE `stock_movements` DISABLE KEYS */;
INSERT INTO `stock_movements` VALUES (1,2,'adjustment',-20,NULL,'Manual stock update',1,'2026-03-17 07:38:53'),(2,2,'purchase',50,NULL,'Stock purchase/restock',27,'2026-03-17 15:09:38'),(3,20,'adjustment',31,NULL,'Manual stock update',27,'2026-03-17 15:11:00'),(6,2,'purchase',50,NULL,'Stock purchase/restock',27,'2026-03-21 08:21:31'),(7,2,'adjustment',100,NULL,'Manual stock update',1,'2026-03-23 06:11:01'),(8,2,'adjustment',-200,NULL,'Manual stock update',27,'2026-03-26 15:38:55'),(9,2,'adjustment',100,NULL,'Manual stock update',3,'2026-03-26 16:09:45'),(10,2,'adjustment',100,NULL,'Manual stock update',3,'2026-03-26 16:10:31'),(11,2,'adjustment',200,NULL,'Manual stock update',3,'2026-03-26 16:11:29'),(12,2,'purchase',50,NULL,'Stock purchase/restock',3,'2026-03-26 16:13:26'),(13,13,'purchase',300,NULL,'Stock purchase/restock',32,'2026-03-28 14:25:49'),(14,2,'adjustment',-430,NULL,'Manual stock update',3,'2026-04-01 12:36:39'),(15,2,'adjustment',480,NULL,'Manual stock update',1,'2026-04-01 13:44:22'),(16,10,'adjustment',-1,11,'Damaged product from return #11: Item arrived damaged or broken ΓÇö TEST DAMAGE',1,'2026-04-01 14:31:46'),(17,3,'adjustment',-1,12,'Damaged product from return #12: Item arrived damaged or broken ΓÇö test damage',1,'2026-04-01 15:13:52'),(18,2,'adjustment',-499,NULL,'Manual stock update',3,'2026-04-03 07:05:57'),(19,19,'adjustment',-270,NULL,'Manual stock update',3,'2026-04-03 07:07:04'),(20,2,'purchase',50,NULL,'Stock purchase/restock',3,'2026-04-03 14:48:05'),(21,19,'adjustment',100,NULL,'Manual stock update',32,'2026-04-03 14:49:20'),(22,19,'adjustment',-1,13,'Damaged product from return #13: Item arrived damaged or broken',3,'2026-04-03 15:35:35'),(23,20,'return',1,14,'Return approved (non-damaged) from return #14',3,'2026-04-04 12:37:56'),(24,22,'adjustment',-1,15,'Damaged product from return #15: Item arrived damaged or broken ΓÇö test',3,'2026-04-04 12:47:48'),(25,19,'adjustment',-1,16,'Damaged product from return #16: Item arrived damaged or broken ΓÇö test',3,'2026-04-04 12:49:26'),(26,19,'return',1,17,'Return approved (non-damaged) from return #17',3,'2026-04-04 12:54:08'),(27,1,'return',1,18,'Return approved (non-damaged) from return #18',1,'2026-04-04 13:07:02'),(28,1,'return',1,18,'Return approved (non-damaged) from return #18',1,'2026-04-04 13:11:15'),(29,21,'return',1,19,'Return approved (non-damaged) from return #19',1,'2026-04-04 13:15:00'),(30,20,'adjustment',-1,20,'Damaged product from return #20: Item arrived damaged or broken',1,'2026-04-04 13:17:56'),(31,20,'adjustment',-28,NULL,'Manual stock update',32,'2026-04-11 14:06:53'),(32,2,'adjustment',-40,NULL,'Manual stock update',32,'2026-04-11 14:07:02'),(33,22,'adjustment',-122,NULL,'Manual stock update',32,'2026-04-11 14:07:17'),(34,29,'initial',100,NULL,'Initial stock on product creation',1,'2026-04-24 14:54:25'),(35,30,'initial',100,NULL,'Initial stock on product creation',1,'2026-04-24 15:09:24'),(36,31,'initial',100,NULL,'Initial stock on product creation',1,'2026-04-24 15:22:48'),(37,32,'initial',100,NULL,'Initial stock on product creation',1,'2026-04-24 15:26:25'),(38,2,'adjustment',990,NULL,'Manual stock update',40,'2026-04-24 15:35:12'),(39,20,'adjustment',980,NULL,'Manual stock update',40,'2026-04-24 15:35:21'),(40,22,'purchase',100,NULL,'Stock purchase/restock',1,'2026-04-24 15:39:48'),(41,19,'adjustment',5,NULL,'Manual stock update',40,'2026-04-24 15:45:19'),(42,19,'purchase',200,NULL,'Stock purchase/restock',40,'2026-04-24 15:47:10'),(43,11,'purchase',1,NULL,'Stock purchase/restock',3,'2026-04-24 15:53:13'),(44,26,'purchase',94,NULL,'Stock purchase/restock',3,'2026-04-24 15:55:24'),(45,22,'purchase',100,NULL,'Stock purchase/restock',3,'2026-04-24 15:58:40'),(46,6,'purchase',1,NULL,'Stock purchase/restock',3,'2026-04-24 15:59:49'),(47,2,'adjustment',-980,NULL,'Test',1,'2026-04-29 06:58:40'),(48,2,'adjustment',980,NULL,'Test',1,'2026-04-29 06:59:05'),(49,2,'adjustment',-950,NULL,'Manual stock update',3,'2026-04-29 07:08:10'),(50,2,'adjustment',-30,NULL,'Manual stock update',3,'2026-04-29 07:08:21'),(51,2,'adjustment',-15,NULL,'Manual stock update',3,'2026-04-29 07:08:31'),(52,2,'adjustment',995,NULL,'Manual stock update',3,'2026-04-29 07:08:50'),(53,9,'adjustment',-990,NULL,'Manual stock update',3,'2026-04-29 07:09:36'),(54,9,'adjustment',-5,NULL,'Manual stock update',3,'2026-04-29 07:09:45'),(55,9,'adjustment',495,NULL,'Testing',3,'2026-04-29 07:10:06'),(56,15,'purchase',50,NULL,'for testing you know to know the logic!',3,'2026-05-01 14:40:47');
/*!40000 ALTER TABLE `stock_movements` ENABLE KEYS */;
UNLOCK TABLES;

--
-- Table structure for table `supplier_requests`
--

DROP TABLE IF EXISTS `supplier_requests`;
/*!40101 SET @saved_cs_client     = @@character_set_client */;
/*!40101 SET character_set_client = utf8 */;
CREATE TABLE `supplier_requests` (
  `id` int(11) NOT NULL AUTO_INCREMENT,
  `product_id` int(11) NOT NULL,
  `requested_quantity` int(11) NOT NULL DEFAULT 0,
  `status` enum('pending','ordered','received','cancelled') DEFAULT 'pending',
  `notes` varchar(500) DEFAULT NULL,
  `requested_by` int(11) DEFAULT NULL,
  `created_at` timestamp NOT NULL DEFAULT current_timestamp(),
  `updated_at` timestamp NOT NULL DEFAULT current_timestamp() ON UPDATE current_timestamp(),
  PRIMARY KEY (`id`),
  KEY `requested_by` (`requested_by`),
  KEY `idx_sr_product` (`product_id`),
  KEY `idx_sr_status` (`status`),
  CONSTRAINT `supplier_requests_ibfk_1` FOREIGN KEY (`product_id`) REFERENCES `products` (`id`) ON DELETE CASCADE,
  CONSTRAINT `supplier_requests_ibfk_2` FOREIGN KEY (`requested_by`) REFERENCES `users` (`id`) ON DELETE SET NULL
) ENGINE=InnoDB AUTO_INCREMENT=7 DEFAULT CHARSET=utf8mb4 COLLATE=utf8mb4_unicode_ci;
/*!40101 SET character_set_client = @saved_cs_client */;

--
-- Dumping data for table `supplier_requests`
--

LOCK TABLES `supplier_requests` WRITE;
/*!40000 ALTER TABLE `supplier_requests` DISABLE KEYS */;
INSERT INTO `supplier_requests` VALUES (1,20,20,'pending','',1,'2026-03-16 18:42:35','2026-03-16 18:42:35'),(2,20,100,'pending','',1,'2026-03-16 18:42:52','2026-03-16 18:42:52'),(3,20,50,'pending','',NULL,'2026-03-17 15:09:53','2026-03-17 15:09:53'),(4,2,100,'pending','',NULL,'2026-03-26 15:46:17','2026-03-26 15:46:17'),(5,2,200,'pending','',3,'2026-03-26 16:09:32','2026-03-26 16:09:32'),(6,2,1000,'pending','Low stock need refuel',40,'2026-04-24 15:34:53','2026-04-24 15:34:53');
/*!40000 ALTER TABLE `supplier_requests` ENABLE KEYS */;
UNLOCK TABLES;

--
-- Table structure for table `users`
--

DROP TABLE IF EXISTS `users`;
/*!40101 SET @saved_cs_client     = @@character_set_client */;
/*!40101 SET character_set_client = utf8 */;
CREATE TABLE `users` (
  `id` int(11) NOT NULL AUTO_INCREMENT,
  `role_id` int(11) NOT NULL DEFAULT 1,
  `first_name` varchar(100) NOT NULL,
  `last_name` varchar(100) NOT NULL,
  `username` varchar(100) DEFAULT NULL,
  `email` varchar(255) NOT NULL,
  `password` varchar(255) NOT NULL,
  `phone` varchar(20) DEFAULT NULL,
  `birthdate` date DEFAULT NULL,
  `address` text DEFAULT NULL,
  `city` varchar(100) DEFAULT NULL,
  `state` varchar(100) DEFAULT NULL,
  `zip_code` varchar(20) DEFAULT NULL,
  `profile_image` varchar(255) DEFAULT NULL,
  `email_verified_at` timestamp NULL DEFAULT NULL,
  `verification_token` varchar(64) DEFAULT NULL,
  `otp_code` varchar(10) DEFAULT NULL,
  `otp_expires_at` timestamp NULL DEFAULT NULL,
  `otp_attempts` int(11) NOT NULL DEFAULT 0,
  `otp_locked_until` timestamp NULL DEFAULT NULL,
  `is_active` tinyint(1) DEFAULT 1,
  `created_at` timestamp NOT NULL DEFAULT current_timestamp(),
  `updated_at` timestamp NOT NULL DEFAULT current_timestamp() ON UPDATE current_timestamp(),
  PRIMARY KEY (`id`),
  UNIQUE KEY `email` (`email`),
  UNIQUE KEY `username` (`username`),
  KEY `role_id` (`role_id`),
  KEY `idx_users_verification_token` (`verification_token`),
  KEY `idx_users_username` (`username`(50)),
  CONSTRAINT `users_ibfk_1` FOREIGN KEY (`role_id`) REFERENCES `roles` (`id`)
) ENGINE=InnoDB AUTO_INCREMENT=43 DEFAULT CHARSET=utf8mb4 COLLATE=utf8mb4_general_ci;
/*!40101 SET character_set_client = @saved_cs_client */;

--
-- Dumping data for table `users`
--

LOCK TABLES `users` WRITE;
/*!40000 ALTER TABLE `users` DISABLE KEYS */;
INSERT INTO `users` VALUES (1,3,'Super','Admin','admin','admin@southdev.com','$2y$10$.V0klajRNbmyNoV2/dCapuM74lu5vJDqSmO/k4tuLqlOPlL69a3y.','09123456789',NULL,NULL,NULL,NULL,NULL,NULL,'2026-02-25 12:30:11',NULL,NULL,NULL,0,NULL,1,'2026-02-25 12:30:02','2026-03-28 14:14:43'),(2,1,'Demo','Customer','customer','customer@southdev.com','$2y$10$RqM/771TdsvDDgKRLIXCXugesuj/6BJDRaCFsL8O1WH7WikylwIvS','',NULL,'','','','','u2_1772635914.jpg','2026-02-25 12:30:11',NULL,NULL,NULL,0,NULL,1,'2026-02-25 12:30:11','2026-04-20 16:20:09'),(3,2,'Demo','Staff','staff','staff@southdev.com','$2y$10$DwHgI.dsVbPFcH//foA25.D.gPJ7DT.lYhAUD9eyoUb15nJUGuO.C','09123456781',NULL,NULL,NULL,NULL,NULL,NULL,'2026-02-25 12:30:11',NULL,NULL,NULL,0,NULL,1,'2026-02-25 12:30:11','2026-03-28 15:52:46'),(31,1,'Kuramu','Doreyan','marksxkingsx','markandreyperez@gmail.com','$2y$10$rJIBEndFLBPQc/nfBUWG5OJY2LLrrJeHnl0.kBGOdwHR3gK5jVfwC','09123456789','1999-06-07','Ako ay taga planetang mars','Davao City','Davao Del Sur','8000','u31_1776523592.jpg','2026-03-28 13:49:51',NULL,NULL,NULL,0,NULL,1,'2026-03-28 13:49:08','2026-05-01 08:36:15'),(33,1,'Mark Andrey','Perez','kramdreyan','kramdreyan@gmail.com','$2y$10$sUOYAtjCnuEsEfN6hab/HuN3YBoMMkuYYILUwy54LB68pamvDp5ly','09123456789','2000-06-07','Test','Davao','Davao Del Sur','1000',NULL,'2026-04-11 13:50:03',NULL,NULL,NULL,0,NULL,1,'2026-04-11 13:49:34','2026-04-11 13:50:40'),(40,4,'John','Doe','johndoe','johndoe@staff.local','$2y$10$cV32XYZ3.OgmzKCrmqe6BeNf3rdrR2sQSbiRUBczxaVahYXAfdzGu','09090909090',NULL,NULL,NULL,NULL,NULL,NULL,'2026-04-24 15:31:15',NULL,NULL,NULL,0,NULL,1,'2026-04-24 15:31:15','2026-04-24 15:31:15'),(41,2,'Carl','Test','carltest','carltest@staff.local','$2y$10$bE3QBIbIBekAxoH/.JnXD.E3Hj5iGkRKfDeIwSCOgZD.diyhgjGpK','09123456789',NULL,NULL,NULL,NULL,NULL,NULL,'2026-04-24 21:10:00',NULL,NULL,NULL,0,NULL,1,'2026-04-24 21:10:00','2026-04-24 21:10:00');
/*!40000 ALTER TABLE `users` ENABLE KEYS */;
UNLOCK TABLES;
/*!40103 SET TIME_ZONE=@OLD_TIME_ZONE */;

/*!40101 SET SQL_MODE=@OLD_SQL_MODE */;
/*!40014 SET FOREIGN_KEY_CHECKS=@OLD_FOREIGN_KEY_CHECKS */;
/*!40014 SET UNIQUE_CHECKS=@OLD_UNIQUE_CHECKS */;
/*!40101 SET CHARACTER_SET_CLIENT=@OLD_CHARACTER_SET_CLIENT */;
/*!40101 SET CHARACTER_SET_RESULTS=@OLD_CHARACTER_SET_RESULTS */;
/*!40101 SET COLLATION_CONNECTION=@OLD_COLLATION_CONNECTION */;
/*!40111 SET SQL_NOTES=@OLD_SQL_NOTES */;

-- Dump completed on 2026-06-19 12:20:54
